"Date","Q","TP"
2007-01-01,70.2242177622664,0.0162372933437019
2007-01-02,70.8994506253651,0.016298917328029
2007-01-03,68.1985191729703,0.0161048220629497
2007-01-04,67.8609027414209,0.0160907965241402
2007-01-05,69.2113684676184,0.0162052729666059
2007-01-06,70.2242177622664,0.0162916009780782
2007-01-07,67.5232863098716,0.016101977542905
2007-01-08,66.8480534467729,0.0160640972204176
2007-01-09,65.8352041521248,0.0160010617502656
2007-01-10,63.4718891312793,0.0158343101074354
2007-01-11,61.7838069735325,0.0157170540112393
2007-01-12,62.7966562681806,0.0158113657957546
2007-01-13,65.4975877205754,0.0160290431969672
2007-01-14,65.4975877205754,0.0160424103331189
2007-01-15,64.147121994378,0.0159568973502372
2007-01-16,61.7838069735325,0.0157941610044064
2007-01-17,56.0443276371934,0.0153590275871329
2007-01-18,55.0314783425453,0.0152948769323214
2007-01-19,59.7581083842363,0.0156869008622206
2007-01-20,64.147121994378,0.0160273990590998
2007-01-21,61.4461905419831,0.0158464190671222
2007-01-22,55.706711205644,0.0154258089168588
2007-01-23,56.0443276371934,0.0154711694944817
2007-01-24,56.3819440687428,0.0155485246389135
2007-01-25,59.7581083842363,0.0158703924995891
2007-01-26,59.0828755211376,0.0158858369596175
2007-01-27,56.0443276371934,0.0157195668486193
2007-01-28,56.0443276371934,0.0157853449177151
2007-01-29,56.0443276371934,0.015851122986811
2007-01-30,56.0443276371934,0.0159169010559069
2007-01-31,55.706711205644,0.0159558700107546
2007-02-01,55.706711205644,0.0160215969010469
2007-02-02,56.7195605002921,0.0161675752425686
2007-02-03,50.980081163953,0.0157589977637784
2007-02-04,44.2277525329659,0.0152161970478364
2007-02-05,42.8772868067684,0.0151539234157502
2007-02-06,48.6167661431075,0.0157489885058098
2007-02-07,49.2919990062062,0.0158732446856444
2007-02-08,51.6553140270518,0.0161415496254399
2007-02-09,54.3562454794466,0.0164366549185773
2007-02-10,56.0443276371934,0.0166404598159726
2007-02-11,56.3819440687428,0.0167334455683411
2007-02-12,56.3819440687428,0.0167992745088639
2007-02-13,56.3819440687428,0.0168651034493922
2007-02-14,56.0443276371934,0.0169035720923617
2007-02-15,54.693861910996,0.0168580288885889
2007-02-16,53.6810126163479,0.0168620568126403
2007-02-17,52.6681633216998,0.016866907117073
2007-02-18,52.6681633216998,0.0169591559534291
2007-02-19,56.0443276371934,0.0173414421380221
2007-02-20,56.3819440687428,0.0174635405110424
2007-02-21,56.0443276371934,0.0175292458634001
2007-02-22,59.7581083842363,0.0179289777546498
2007-02-23,59.7581083842363,0.0180246023918997
2007-02-24,56.0443276371934,0.0178109514514748
2007-02-25,57.0571769318415,0.0179913224439814
2007-02-26,59.0828755211376,0.0182550867211712
2007-02-27,57.0571769318415,0.0181800792157027
2007-02-28,55.706711205644,0.0181569059649766
2007-03-01,57.0571769318415,0.0183688359874241
2007-03-02,57.7324097949402,0.0185215768878207
2007-03-03,56.0443276371934,0.0184682644903054
2007-03-04,55.706711205644,0.0185318703886276
2007-03-05,55.706711205644,0.0186256114945384
2007-03-06,54.693861910996,0.0186263742637248
2007-03-07,54.0186290478973,0.0186563495747039
2007-03-08,54.693861910996,0.0188128801117994
2007-03-09,55.0314783425453,0.0189378069368801
2007-03-10,59.0828755211376,0.0193995385668762
2007-03-11,63.1342726997299,0.0198593889627514
2007-03-12,65.1599712890261,0.020136125983454
2007-03-13,74.2756149408587,0.020955390952386
2007-03-14,97.5711487177644,0.0226098944694513
2007-03-15,102.297778759455,0.023001277915147
2007-03-16,93.5197515391721,0.0225929462443885
2007-03-17,85.7545736135369,0.0222072051470081
2007-03-18,79.0022449825497,0.0218542252478099
2007-03-19,80.3527107087472,0.0220628212381486
2007-03-20,77.3141628248029,0.0219555510096498
2007-03-21,74.6132313724081,0.0218685627248468
2007-03-22,109.725340253541,0.024252935514123
2007-03-23,144.499832703125,0.0261899448557608
2007-03-24,134.708956188194,0.0258242503488887
2007-03-25,127.619011125657,0.025586546787281
2007-03-26,121.541915357769,0.0253817657649689
2007-03-27,117.152901747627,0.025256743170017
2007-03-28,106.349175938048,0.0247606544265417
2007-03-29,98.5839980124125,0.0244058481211037
2007-03-30,90.8188200867773,0.0240213513100235
2007-03-31,83.3912585926914,0.0236285748674871
2007-04-01,83.3912585926914,0.0237414173148119
2007-04-02,77.3141628248029,0.0234035315170828
2007-04-03,80.6903271402965,0.0237574371724084
2007-04-04,82.3784092980433,0.023982524084127
2007-04-05,83.7288750242408,0.0241818702423044
2007-04-06,82.7160257295927,0.0242106568790663
2007-04-07,82.0407928664939,0.0242629253596998
2007-04-08,77.9893956879017,0.0240571709523111
2007-04-09,74.6132313724081,0.0238952265970224
2007-04-10,72.2499163515626,0.0238035150152877
2007-04-11,75.2884642355068,0.0241480791153509
2007-04-12,79.0022449825497,0.0245386998412207
2007-04-13,74.9508478039574,0.0243205902248086
2007-04-14,77.9893956879017,0.0246602318550256
2007-04-15,79.3398614140991,0.0248676622507073
2007-04-16,82.3784092980433,0.0252034711336764
2007-04-17,85.4169571819875,0.025532435641125
2007-04-18,83.053642161142,0.0254583556214535
2007-04-19,87.4426557712837,0.025885651313377
2007-04-20,87.4426557712837,0.0259887431159415
2007-04-21,81.3655600033952,0.0256334763300101
2007-04-22,75.6260806670562,0.0252731082662687
2007-04-23,75.6260806670562,0.0253729577763622
2007-04-24,75.2884642355068,0.0254448793609183
2007-04-25,70.8994506253651,0.0251445597927634
2007-04-26,71.5746834884639,0.0252481251189925
2007-04-27,80.6903271402965,0.0260574273559907
2007-04-28,84.7417243188888,0.0264258974318417
2007-04-29,75.9636970986055,0.0257603659040764
2007-04-30,77.6517792563523,0.0259471001329255
2007-05-01,76.6389299617042,0.0259090720827639
2007-05-02,72.2499163515626,0.0255738484100427
2007-05-03,69.5489848991677,0.0253708311445114
2007-05-04,67.5232863098716,0.0252221425620435
2007-05-05,66.5104370152235,0.0251686840740383
2007-05-06,65.4975877205754,0.0251129475414693
2007-05-07,61.4461905419831,0.0247458256142157
2007-05-08,56.7195605002921,0.0242802336752956
2007-05-09,61.7838069735325,0.0248612366043362
2007-05-10,61.7838069735325,0.0249014001163334
2007-05-11,64.4847384259273,0.025220047238973
2007-05-12,61.7838069735325,0.0249817271403278
2007-05-13,57.0571769318415,0.0245076393112198
2007-05-14,58.4076426580389,0.0246944455294645
2007-05-15,64.4847384259273,0.0253852261982982
2007-05-16,69.8866013307171,0.0259676030812819
2007-05-17,71.2370670569145,0.0261430485531029
2007-05-18,69.8866013307171,0.0260181456898324
2007-05-19,66.1728205836741,0.0256316799406646
2007-05-20,63.8095055628286,0.0253739138617535
2007-05-21,60.4333412473351,0.0249959101739434
2007-05-22,57.0571769318415,0.0246051638407141
2007-05-23,56.3819440687428,0.0245134886589431
2007-05-24,55.706711205644,0.0244208758276124
2007-05-25,55.3690947740947,0.0243667187610409
2007-05-26,54.0186290478973,0.0241925887690008
2007-05-27,54.0186290478973,0.0241775910343678
2007-05-28,55.706711205644,0.0243609539157407
2007-05-29,55.706711205644,0.0243459734377731
2007-05-30,54.3562454794466,0.0241727682592715
2007-05-31,53.6810126163479,0.0240771742971875
2007-06-01,53.3433961847985,0.0240214886557127
2007-06-02,53.6810126163479,0.0240471717959552
2007-06-03,54.3562454794466,0.024112791297042
2007-06-04,67.1856698783222,0.0254953447985575
2007-06-05,79.0022449825497,0.026606386833006
2007-06-06,77.3141628248029,0.0264378857764931
2007-06-07,74.2756149408587,0.0261449352841381
2007-06-08,81.0279435718459,0.0267452652771553
2007-06-09,72.5875327831119,0.0259558780179658
2007-06-10,63.1342726997299,0.0249626243906258
2007-06-11,58.7452590895883,0.0244370197132943
2007-06-12,58.4076426580389,0.0243538968889795
2007-06-13,59.7581083842363,0.0244554677244355
2007-06-14,53.6810126163479,0.0237284011766116
2007-06-15,53.3433961847985,0.0236448936698806
2007-06-16,54.0186290478973,0.0236799814787611
2007-06-17,54.3562454794466,0.0236747965257036
2007-06-18,54.0186290478973,0.0235919588937658
2007-06-19,68.1985191729703,0.0250223220390901
2007-06-20,58.4076426580389,0.0239840930848604
2007-06-21,56.7195605002921,0.0237584344951585
2007-06-22,55.3690947740947,0.0235662889320678
2007-06-23,55.0314783425453,0.0234845039790841
2007-06-24,53.3433961847985,0.0232520008528166
2007-06-25,53.0057797532492,0.0231702199100037
2007-06-26,54.693861910996,0.0233141118670475
2007-06-27,53.6810126163479,0.0231585645642376
2007-06-28,49.6296154377556,0.0226573161409728
2007-06-29,48.2791497115582,0.0224585349490325
2007-06-30,49.2919990062062,0.0225353454117245
2007-07-01,49.2919990062062,0.0224938945356311
2007-07-02,51.6553140270518,0.0227160442968263
2007-07-03,53.3433961847985,0.0228443361265096
2007-07-04,54.0186290478973,0.0228581336690655
2007-07-05,53.3433961847985,0.0227274827931102
2007-07-06,52.3305468901505,0.0225602274972238
2007-07-07,51.6553140270518,0.0224291120511398
2007-07-08,51.3176975955024,0.0223354727005905
2007-07-09,52.3305468901505,0.0223868078212434
2007-07-10,52.6681633216998,0.022364677662425
2007-07-11,50.3048483008543,0.0220578476843404
2007-07-12,47.6039168484595,0.0217093659928265
2007-07-13,50.980081163953,0.022014894471259
2007-07-14,54.693861910996,0.0223371065770662
2007-07-15,54.0186290478973,0.0222109644554227
2007-07-16,52.3305468901505,0.0219821619106178
2007-07-17,51.6553140270518,0.0218552475597668
2007-07-18,51.6553140270518,0.0217978611106305
2007-07-19,51.3176975955024,0.0217065541018995
2007-07-20,47.9415332800088,0.0213069523370508
2007-07-21,44.9029853960646,0.0209246253572767
2007-07-22,48.9543825746569,0.0213008478161087
2007-07-23,49.2919990062062,0.0212791132576791
2007-07-24,45.9158346907127,0.0208754015400025
2007-07-25,48.2791497115582,0.0210655863127904
2007-07-26,48.9543825746569,0.0210742712528971
2007-07-27,49.967231869305,0.0211143672968591
2007-07-28,47.9415332800088,0.0208554697207044
2007-07-29,45.240601827614,0.0205182169624931
2007-07-30,45.240601827614,0.0204605669613913
2007-07-31,45.5782182591633,0.0204383861245145
2007-08-01,45.5782182591633,0.0203806091936899
2007-08-02,45.240601827614,0.0202876169580858
2007-08-03,45.240601827614,0.0202299669569791
2007-08-04,45.240601827614,0.0201723169558773
2007-08-05,45.5782182591633,0.0201495014703869
2007-08-06,44.5653689645152,0.0199882190441361
2007-08-07,43.5525196698672,0.0198291616480486
2007-08-08,44.5653689645152,0.019873448142224
2007-08-09,45.9158346907127,0.0199524672072033
2007-08-10,45.9158346907127,0.0198945642834153
2007-08-11,45.240601827614,0.0197687669481596
2007-08-12,45.240601827614,0.0197111169470577
2007-08-13,44.9029853960646,0.0196193945393401
2007-08-14,45.240601827614,0.0195958169448493
2007-08-15,46.253451122262,0.0196381230803515
2007-08-16,47.2663004169101,0.0196775161327647
2007-08-17,47.9415332800088,0.0196864179072121
2007-08-18,47.9415332800088,0.0196377708612518
2007-08-19,46.9286839853607,0.0194922050304809
2007-08-20,50.980081163953,0.0198207501972298
2007-08-21,50.6424647324037,0.0197430010423035
2007-08-22,50.980081163953,0.0197261521704407
2007-08-23,50.980081163953,0.0196788531570462
2007-08-24,51.6553140270518,0.0196936407480455
2007-08-25,58.0700262264896,0.0202228561534015
2007-08-26,58.4076426580389,0.02020754030262
2007-08-27,51.3176975955024,0.0195207750109642
2007-08-28,50.3048483008543,0.0193792067285998
2007-08-29,49.6296154377556,0.0192673140079575
2007-08-30,48.6167661431075,0.0191208627014226
2007-08-31,48.2791497115582,0.01903905828034
2007-09-01,50.6424647324037,0.0192211085881418
2007-09-02,50.3048483008543,0.0191412492351831
2007-09-03,48.9543825746569,0.018961189742849
2007-09-04,47.9415332800088,0.0188107710799153
2007-09-05,48.2791497115582,0.0187965927404208
2007-09-06,49.6296154377556,0.0188842105151978
2007-09-07,51.9929304586011,0.0190699217785454
2007-09-08,52.6681633216998,0.019091232760677
2007-09-09,52.3305468901505,0.0190145776418507
2007-09-10,51.3176975955024,0.0188710974368627
2007-09-11,51.6553140270518,0.0188651804806889
2007-09-12,51.9929304586011,0.0188604964635416
2007-09-13,49.2919990062062,0.0185418423788205
2007-09-14,51.3176975955024,0.0187093132220696
2007-09-15,52.6681633216998,0.0188128139230547
2007-09-16,48.6167661431075,0.0183430596873514
2007-09-17,47.9415332800088,0.018226179459292
2007-09-18,52.6681633216998,0.0186948366962167
2007-09-19,50.6424647324037,0.0184356484037912
2007-09-20,50.980081163953,0.0184307841450568
2007-09-21,49.2919990062062,0.0182058879619207
2007-09-22,48.2791497115582,0.0180495250136613
2007-09-23,48.6167661431075,0.0180453877783941
2007-09-24,48.9543825746569,0.0180415169695809
2007-09-25,49.967231869305,0.0181144274099895
2007-09-26,50.980081163953,0.0181865853233634
2007-09-27,48.2791497115582,0.0178355627397208
2007-09-28,46.9286839853607,0.0176299447141678
2007-09-29,47.2663004169101,0.0176274786959927
2007-09-30,48.9543825746569,0.0177879658734305
2007-10-01,53.0057797532492,0.0182237184754501
2007-10-02,48.6167661431075,0.0176587278738115
2007-10-03,45.240601827614,0.0171904339533882
2007-10-04,46.9286839853607,0.017357132622386
2007-10-05,48.6167661431075,0.0175153986833996
2007-10-06,47.6039168484595,0.017345389537861
2007-10-07,49.6296154377556,0.0175393050556195
2007-10-08,50.6424647324037,0.0176080731774167
2007-10-09,48.2791497115582,0.017284090768961
2007-10-10,49.2919990062062,0.0173559211827853
2007-10-11,50.6424647324037,0.0174632404923571
2007-10-12,47.6039168484595,0.0170602819724
2007-10-13,46.9286839853607,0.0169310497512251
2007-10-14,48.2791497115582,0.0170456365509532
2007-10-15,49.967231869305,0.0171936814521089
2007-10-16,53.0057797532492,0.0174937500479068
2007-10-17,52.3305468901505,0.0173667025828637
2007-10-18,51.9929304586011,0.0172786161208708
2007-10-19,53.6810126163479,0.0174241947501489
2007-10-20,53.6810126163479,0.0173752160250919
2007-10-21,53.3433961847985,0.0172880459659207
2007-10-22,52.6681633216998,0.017162181455324
2007-10-23,51.9929304586011,0.0170356300480069
2007-10-24,49.6296154377556,0.0167228029370603
2007-10-25,48.2791497115582,0.0165232802336963
2007-10-26,48.2791497115582,0.0164779818832789
2007-10-27,49.6296154377556,0.0165870179399545
2007-10-28,48.6167661431075,0.0164263939245718
2007-10-29,48.2791497115582,0.0163420868320228
2007-10-30,48.9543825746569,0.0163746322417585
2007-10-31,48.9543825746569,0.0163293820087137
2007-11-01,48.9543825746569,0.0162841317756689
2007-11-02,49.967231869305,0.0163538695982349
2007-11-03,50.3048483008543,0.0163465255933755
2007-11-04,48.9543825746569,0.0161483810765307
2007-11-05,49.2919990062062,0.0161417938616823
2007-11-06,51.6553140270518,0.0163618497172875
2007-11-07,54.0186290478973,0.0165890145832106
2007-11-08,56.3819440687428,0.016804950598659
2007-11-09,54.3562454794466,0.0165373107930124
2007-11-10,53.0057797532492,0.0163390386067278
2007-11-11,53.3433961847985,0.0163328669021991
2007-11-12,53.0057797532492,0.016249174214277
2007-11-13,52.3305468901505,0.0161258490116633
2007-11-14,53.0057797532492,0.0161593098218225
2007-11-15,53.3433961847985,0.0161532627375243
2007-11-16,52.6681633216998,0.0160315025876119
2007-11-17,51.9929304586011,0.0159173501464832
2007-11-18,52.3305468901505,0.0159218245495244
2007-11-19,52.6681633216998,0.0159259421722417
2007-11-20,52.6681633216998,0.0158907553671193
2007-11-21,54.3562454794466,0.0160476354126081
2007-11-22,54.693861910996,0.016049845963029
2007-11-23,53.0057797532492,0.0158239947348511
2007-11-24,51.6553140270518,0.015632252777154
2007-11-25,52.3305468901505,0.0156758740910966
2007-11-26,52.3305468901505,0.015640738311322
2007-11-27,51.9929304586011,0.0155665059048447
2007-11-28,52.3305468901505,0.0155704667517729
2007-11-29,52.6681633216998,0.0155740741210146
2007-11-30,53.0057797532492,0.0155773322038557
2007-12-01,51.3176975955024,0.0153486691571432
2007-12-02,48.2791497115582,0.0149694281901594
2007-12-03,45.240601827614,0.0145679832708219
2007-12-04,55.0314783425453,0.0156608409988037
2007-12-05,54.3562454794466,0.0155515156925411
2007-12-06,53.6810126163479,0.0154414651230177
2007-12-07,54.0186290478973,0.0154435007435178
2007-12-08,54.3562454794466,0.0154452043239536
2007-12-09,54.0186290478973,0.0153776655893711
2007-12-10,53.6810126163479,0.0153211987388981
2007-12-11,53.0057797532492,0.0152280669681983
2007-12-12,51.9929304586011,0.015097782541276
2007-12-13,52.3305468901505,0.0151172032460345
2007-12-14,53.0057797532492,0.0151721023204938
2007-12-15,53.0057797532492,0.0151534474379262
2007-12-16,52.6681633216998,0.0150990693377839
2007-12-17,52.3305468901505,0.0150450874344261
2007-12-18,52.6681633216998,0.0150623834961141
2007-12-19,53.3433961847985,0.0151133943665878
2007-12-20,53.3433961847985,0.0150944295030095
2007-12-21,53.0057797532492,0.0150415181425188
2007-12-22,53.3433961847985,0.0150564997758528
2007-12-23,53.6810126163479,0.0150706511837146
2007-12-24,56.0443276371934,0.015275416810248
2007-12-25,56.3819440687428,0.0152849791402952
2007-12-26,56.0443276371934,0.0152326641921842
2007-12-27,55.0314783425453,0.0151191219687871
2007-12-28,54.0186290478973,0.0150056649135867
2007-12-29,55.3690947740947,0.0151084620381566
2007-12-30,55.0314783425453,0.0150576642197169
2007-12-31,53.0057797532492,0.0148549693168393
2008-01-01,53.0057797532492,0.0148537673759518
2008-01-02,53.3433961847985,0.0149003050670553
2008-01-03,53.6810126163479,0.0149461133691888
2008-01-04,51.9929304586011,0.0148121300493339
2008-01-05,51.9929304586011,0.0148292015029587
2008-01-06,54.3562454794466,0.0150507526537949
2008-01-07,63.4718891312793,0.015772097179902
2008-01-08,97.5711487177644,0.0176963353688392
2008-01-09,108.374874527344,0.0181421030634843
2008-01-10,98.2463815808631,0.0177016831476344
2008-01-11,94.5326008338202,0.0175241761386877
2008-01-12,87.1050393397343,0.0171666546873717
2008-01-13,81.3655600033952,0.0168736627514774
2008-01-14,76.3013135301549,0.0166028354273928
2008-01-15,71.2370670569145,0.0163185549422829
2008-01-16,65.1599712890261,0.0159553024481965
2008-01-17,62.1214234050818,0.0157672292851527
2008-01-18,61.7838069735325,0.0157545142664664
2008-01-19,62.1214234050818,0.0157858334255451
2008-01-20,49.967231869305,0.0149258537880692
2008-01-21,40.5139717859229,0.0141129633300413
2008-01-22,50.980081163953,0.0150421294548969
2008-01-23,52.6681633216998,0.0151865154912502
2008-01-24,50.6424647324037,0.0150783837611318
2008-01-25,53.0057797532492,0.0153150640807776
2008-01-26,55.0314783425453,0.0155201468676223
2008-01-27,55.0314783425453,0.0155803194575308
2008-01-28,58.0700262264896,0.0158484144863153
2008-01-29,63.8095055628286,0.0162679547218772
2008-01-30,68.5361356045196,0.0165992933103415
2008-01-31,59.420491952687,0.0161178217183173
2008-02-01,60.7709576788844,0.0162636001067524
2008-02-02,64.147121994378,0.0165296747512682
2008-02-03,62.4590398366312,0.0164885706027056
2008-02-04,70.5618341938158,0.0170112224755455
2008-02-05,67.8609027414209,0.0169253004185508
2008-02-06,62.4590398366312,0.0166696993347565
2008-02-07,60.4333412473351,0.0166043563286503
2008-02-08,57.0571769318415,0.0164428913854988
2008-02-09,55.3690947740947,0.0163863455005522
2008-02-10,55.3690947740947,0.016446528115784
2008-02-11,43.2149032383178,0.0155353344826082
2008-02-12,42.2020539436697,0.0155015505803861
2008-02-13,49.967231869305,0.0162260699676027
2008-02-14,54.693861910996,0.0166394469126072
2008-02-15,55.706711205644,0.0167711387778218
2008-02-16,55.3690947740947,0.0168285733018662
2008-02-17,60.7709576788844,0.0172812666252777
2008-02-18,67.5232863098716,0.0177813338415243
2008-02-19,70.5618341938158,0.0180443716936295
2008-02-20,66.8480534467729,0.0179271322246207
2008-02-21,56.3819440687428,0.0173421839043475
2008-02-22,59.7581083842363,0.0176655281549776
2008-02-23,62.1214234050818,0.0179107374431281
2008-02-24,59.0828755211376,0.0177994460880211
2008-02-25,57.0571769318415,0.0177453313009947
2008-02-26,56.7195605002921,0.0178095439811554
2008-02-27,55.706711205644,0.0178231599651765
2008-02-28,52.3305468901505,0.0176496050355519
2008-02-29,52.3305468901505,0.0177364413605376
2008-03-01,54.0186290478973,0.0179576662099327
2008-03-02,53.6810126163479,0.0180185413481999
2008-03-03,54.693861910996,0.0181859237567699
2008-03-04,57.7324097949402,0.0185062966738063
2008-03-05,60.4333412473351,0.0187915926741323
2008-03-06,56.3819440687428,0.0185815484369901
2008-03-07,55.706711205644,0.0186174371891792
2008-03-08,52.6681633216998,0.0184593732262218
2008-03-09,52.3305468901505,0.0185179682854236
2008-03-10,52.6681633216998,0.0186466742404465
2008-03-11,53.0057797532492,0.0187771763062029
2008-03-12,53.3433961847985,0.0189075563795113
2008-03-13,54.0186290478973,0.0190656187789709
2008-03-14,54.0186290478973,0.0191679573965925
2008-03-15,53.6810126163479,0.0192424367680651
2008-03-16,54.3562454794466,0.019400348446485
2008-03-17,54.3562454794466,0.0195027152115741
2008-03-18,54.693861910996,0.0196326801339938
2008-03-19,54.0186290478973,0.0196796504847091
2008-03-20,54.3562454794466,0.0198098155068414
2008-03-21,55.0314783425453,0.0199673760733428
2008-03-22,55.0314783425453,0.020069798612654
2008-03-23,53.6810126163479,0.0200609191175124
2008-03-24,52.6681633216998,0.0200778136078448
2008-03-25,54.3562454794466,0.0203216493322955
2008-03-26,55.3690947740947,0.0205069703809143
2008-03-27,55.3690947740947,0.0206094205512139
2008-03-28,58.0700262264896,0.0209263048055643
2008-03-29,56.0443276371934,0.020868949225665
2008-03-30,56.0443276371934,0.0209714541560765
2008-03-31,65.4975877205754,0.0217731119884921
2008-04-01,94.5326008338202,0.0235179237883845
2008-04-02,110.40057311664,0.0243235406186977
2008-04-03,106.686792369597,0.0242623166809798
2008-04-04,94.1949844022708,0.0237877342292782
2008-04-05,90.1435872236785,0.0236820118484033
2008-04-06,95.8830665600176,0.0240598499738844
2008-04-07,93.5197515391721,0.0240406501462522
2008-04-08,93.1821351076228,0.0241192185875031
2008-04-09,103.310628054104,0.0246921730731668
2008-04-10,111.413422411288,0.0251458464009799
2008-04-11,112.763888137486,0.0253005168590344
2008-04-12,120.86668249467,0.0257298016203052
2008-04-13,118.165751042275,0.0257193811231358
2008-04-14,102.635395191005,0.0251432266240257
2008-04-15,96.5582994231164,0.0249527793589153
2008-04-16,93.5197515391721,0.0248978340624165
2008-04-17,81.7031764349446,0.0243613778818903
2008-04-18,74.2756149408587,0.0240116574365521
2008-04-19,68.1985191729703,0.0237073709286611
2008-04-20,67.8609027414209,0.0237759235099312
2008-04-21,68.5361356045196,0.0239137976864321
2008-04-22,68.5361356045196,0.024005530790135
2008-04-23,65.4975877205754,0.0238846323051846
2008-04-24,61.4461905419831,0.0236689022468677
2008-04-25,64.8223548574767,0.0239554799771079
2008-04-26,79.3398614140991,0.0249510673659892
2008-04-27,82.0407928664939,0.025151893715173
2008-04-28,77.6517792563523,0.0249269382435494
2008-04-29,71.5746834884639,0.024573467142064
2008-04-30,67.8609027414209,0.0243528658370192
2008-05-01,66.8480534467729,0.0243161412686645
2008-05-02,71.2370670569145,0.0246627243251234
2008-05-03,83.7288750242408,0.0254969437003151
2008-05-04,91.1564365183266,0.0259631418251732
2008-05-05,89.8059707921292,0.0259304456912578
2008-05-06,85.4169571819875,0.0257208806189287
2008-05-07,80.0150942771978,0.025432432733271
2008-05-08,69.8866013307171,0.0247905809379263
2008-05-09,64.8223548574767,0.0244487896302175
2008-05-10,64.8223548574767,0.0244840260340135
2008-05-11,65.1599712890261,0.0245455783068751
2008-05-12,60.0957248157857,0.0241693246630962
2008-05-13,56.3819440687428,0.0238773854005911
2008-05-14,59.7581083842363,0.0242076255468744
2008-05-15,63.8095055628286,0.0245790708398943
2008-05-16,60.0957248157857,0.0243037353527196
2008-05-17,56.3819440687428,0.0239936077185923
2008-05-18,58.4076426580389,0.0241571821042004
2008-05-19,57.0571769318415,0.0240168751508465
2008-05-20,55.706711205644,0.0238737073928239
2008-05-21,55.0314783425453,0.0237914272618583
2008-05-22,55.0314783425453,0.0237722676319425
2008-05-23,55.706711205644,0.0238161975961622
2008-05-24,55.706711205644,0.0237970276639401
2008-05-25,55.706711205644,0.0237778577317195
2008-05-26,54.3562454794466,0.0236317919030891
2008-05-27,53.6810126163479,0.023548018067583
2008-05-28,53.3433961847985,0.0234962669610591
2008-05-29,53.6810126163479,0.0235097407864833
2008-05-30,55.706711205644,0.0236820080706167
2008-05-31,55.0314783425453,0.0235998309626972
2008-06-01,55.0314783425453,0.0235806713327814
2008-06-02,55.0314783425453,0.0235615117028656
2008-06-03,55.3690947740947,0.0235739362083459
2008-06-04,55.0314783425453,0.023523192443034
2008-06-05,56.3819440687428,0.0236291856210242
2008-06-06,62.1214234050818,0.0241111465158778
2008-06-07,66.1728205836741,0.0244189257914613
2008-06-08,73.2627656462107,0.0249315745410163
2008-06-09,88.1178886343824,0.0258782687137675
2008-06-10,94.5326008338202,0.0262023279768785
2008-06-11,84.0664914557901,0.0255163178408392
2008-06-12,85.7545736135369,0.0255653136015871
2008-06-13,194.129448140881,0.0298690749879691
2008-06-14,180.962407310456,0.0295020290221548
2008-06-15,171.846763658623,0.0291831558211295
2008-06-16,136.059421914391,0.0278553139169906
2008-06-17,120.191449631571,0.0270953452197881
2008-06-18,110.062956685091,0.0265496087495079
2008-06-19,96.8959158546657,0.0258071303032797
2008-06-20,82.7160257295927,0.0249346210557069
2008-06-21,78.6646285510004,0.0246265347786858
2008-06-22,76.9765463932536,0.0244651340522999
2008-06-23,76.3013135301549,0.0243688627580568
2008-06-24,74.9508478039574,0.0242292125166467
2008-06-25,68.873752036069,0.0237690365828749
2008-06-26,66.8480534467729,0.0235766073382533
2008-06-27,67.1856698783222,0.0235505079761037
2008-06-28,66.5104370152235,0.0234536272761668
2008-06-29,63.1342726997299,0.0231628130007877
2008-06-30,65.4975877205754,0.0232838459543783
2008-07-01,65.1599712890261,0.0232110360725685
2008-07-02,66.8480534467729,0.0232732015038567
2008-07-03,66.5104370152235,0.0231901476202184
2008-07-04,60.7709576788844,0.0227237431570723
2008-07-05,60.7709576788844,0.022665939644207
2008-07-06,62.4590398366312,0.0227301816660729
2008-07-07,68.1985191729703,0.0230617298329681
2008-07-08,71.9122999200132,0.0232398526339898
2008-07-09,70.8994506253651,0.023114489479242
2008-07-10,66.8480534467729,0.0227921669169591
2008-07-11,72.2499163515626,0.023075142304707
2008-07-12,77.6517792563523,0.0233312215009246
2008-07-13,76.6389299617042,0.0232100287015153
2008-07-14,87.780272202833,0.0237569915211715
2008-07-15,56.3819440687428,0.0217727251533067
2008-07-16,56.0443276371934,0.0216918423610586
2008-07-17,62.1214234050818,0.0220643002134902
2008-07-18,62.7966562681806,0.0220509505585022
2008-07-19,58.0700262264896,0.0216695469623439
2008-07-20,67.5232863098716,0.0222322081799845
2008-07-21,67.8609027414209,0.022192345389536
2008-07-22,63.4718891312793,0.0218600009294734
2008-07-23,60.4333412473351,0.0216029719523096
2008-07-24,60.7709576788844,0.0215676728997515
2008-07-25,59.420491952687,0.0214217915483288
2008-07-26,59.0828755211376,0.0213442930385053
2008-07-27,55.3690947740947,0.0210344981328624
2008-07-28,51.9929304586011,0.0207332107300387
2008-07-29,55.0314783425453,0.0209017809978472
2008-07-30,67.5232863098716,0.0216593547379483
2008-07-31,65.8352041521248,0.02150330662031
2008-08-01,55.706711205644,0.020786386370303
2008-08-02,51.9929304586011,0.0204628471705875
2008-08-03,53.3433961847985,0.0205086833652544
2008-08-04,54.693861910996,0.0205517814956225
2008-08-05,53.3433961847985,0.0204002948240981
2008-08-06,50.6424647324037,0.0201452128583344
2008-08-07,52.3305468901505,0.0202175793087738
2008-08-08,53.0057797532492,0.0202131244299514
2008-08-09,55.3690947740947,0.0203276756956423
2008-08-10,53.0057797532492,0.0201047960861875
2008-08-11,51.6553140270518,0.0199510571070239
2008-08-12,51.3176975955024,0.0198719588421734
2008-08-13,50.980081163953,0.0197930737382178
2008-08-14,50.980081163953,0.0197391316614535
2008-08-15,51.6553140270518,0.0197348897916022
2008-08-16,53.6810126163479,0.0198283510320109
2008-08-17,53.3433961847985,0.0197606855382607
2008-08-18,51.3176975955024,0.0195700386529619
2008-08-19,48.6167661431075,0.0193215144273861
2008-08-20,48.2791497115582,0.0192514510892653
2008-08-21,49.2919990062062,0.0192889759809393
2008-08-22,51.9929304586011,0.019457167098522
2008-08-23,54.3562454794466,0.0195983325431129
2008-08-24,55.0314783425453,0.0196102092282421
2008-08-25,54.3562454794466,0.0195199974790533
2008-08-26,54.3562454794466,0.0194808299470252
2008-08-27,51.3176975955024,0.0191975804062823
2008-08-28,51.6553140270518,0.019183851936045
2008-08-29,51.9929304586011,0.0191709049257679
2008-08-30,49.6296154377556,0.0189333416675923
2008-08-31,47.9415332800088,0.0187448144160194
2008-09-01,49.2919990062062,0.0188193704732815
2008-09-02,49.6296154377556,0.0188059320842972
2008-09-03,47.6039168484595,0.0185835192007436
2008-09-04,53.3433961847985,0.0190425157344558
2008-09-05,62.1214234050818,0.0197163537980272
2008-09-06,63.1342726997299,0.0197619270332732
2008-09-07,58.7452590895883,0.0193741067171264
2008-09-08,57.0571769318415,0.0192004152637044
2008-09-09,55.3690947740947,0.019026091323593
2008-09-10,52.3305468901505,0.0187219215563816
2008-09-11,51.6553140270518,0.0186236122857772
2008-09-12,53.0057797532492,0.0187153394574568
2008-09-13,59.0828755211376,0.0192228524691523
2008-09-14,61.4461905419831,0.0194047530941459
2008-09-15,62.7966562681806,0.0194967514155841
2008-09-16,60.0957248157857,0.0192312727806142
2008-09-17,60.7709576788844,0.0192660081863341
2008-09-18,60.4333412473351,0.0192082693970031
2008-09-19,55.3690947740947,0.018707853207508
2008-09-20,50.3048483008543,0.018167741866972
2008-09-21,53.0057797532492,0.0184073338154467
2008-09-22,53.6810126163479,0.0184425456661324
2008-09-23,52.3305468901505,0.0182678580953021
2008-09-24,51.3176975955024,0.0181245670172288
2008-09-25,50.6424647324037,0.0180184568690957
2008-09-26,51.3176975955024,0.0180526011133209
2008-09-27,52.6681633216998,0.0181651898418574
2008-09-28,52.3305468901505,0.0180932183025785
2008-09-29,52.3305468901505,0.0180582903440344
2008-09-30,51.3176975955024,0.0179086693055022
2008-10-01,51.9929304586011,0.0179497271844913
2008-10-02,55.0314783425453,0.0182436356981519
2008-10-03,59.420491952687,0.0186582725901629
2008-10-04,58.4076426580389,0.0185069821420675
2008-10-05,53.3433961847985,0.0179209023897403
2008-10-06,53.0057797532492,0.0178376052238496
2008-10-07,53.3433961847985,0.0178298159441263
2008-10-08,53.0057797532492,0.0177466051836599
2008-10-09,54.0186290478973,0.0178132690077144
2008-10-10,54.3562454794466,0.0178045188703648
2008-10-11,53.6810126163479,0.0176849441484822
2008-10-12,53.6810126163479,0.0176393579955334
2008-10-13,53.0057797532492,0.0175191050831818
2008-10-14,50.980081163953,0.0172478487984383
2008-10-15,51.9929304586011,0.0173145648056989
2008-10-16,52.6681633216998,0.0173450446266211
2008-10-17,50.6424647324037,0.0170758448155264
2008-10-18,49.967231869305,0.0169574014683348
2008-10-19,49.967231869305,0.016912318702261
2008-10-20,51.6553140270518,0.0170496039322556
2008-10-21,52.3305468901505,0.0170801787679881
2008-10-22,51.6553140270518,0.0169589551066192
2008-10-23,51.3176975955024,0.0168765639614086
2008-10-24,52.3305468901505,0.0169443709107841
2008-10-25,54.3562454794466,0.0171234886488932
2008-10-26,54.693861910996,0.0171174332470224
2008-10-27,60.0957248157857,0.0176299102442229
2008-10-28,62.7966562681806,0.017860234556886
2008-10-29,62.7966562681806,0.0178174785160944
2008-10-30,61.4461905419831,0.0176401371484401
2008-10-31,60.7709576788844,0.0175292034908107
2008-11-01,58.4076426580389,0.0172458897671217
2008-11-02,58.0700262264896,0.017169985392274
2008-11-03,56.3819440687428,0.016956766639855
2008-11-04,55.0314783425453,0.01677416964155
2008-11-05,55.0314783425453,0.0167320509247091
2008-11-06,55.3690947740947,0.0167253177088219
2008-11-07,56.7195605002921,0.0168225256746708
2008-11-08,56.3819440687428,0.016745812070928
2008-11-09,54.693861910996,0.01652802777632
2008-11-10,54.3562454794466,0.0164501774294884
2008-11-11,53.3433961847985,0.016299553943259
2008-11-12,53.3433961847985,0.0162575280058256
2008-11-13,57.3947933633908,0.0166374952077853
2008-11-14,61.1085741104338,0.0169675351115048
2008-11-15,63.1342726997299,0.0171232223282146
2008-11-16,62.1214234050818,0.0169838915893002
2008-11-17,59.7581083842363,0.0167137089643367
2008-11-18,57.7324097949402,0.0164782803376228
2008-11-19,58.7452590895883,0.0165432621866134
2008-11-20,60.4333412473351,0.0166759336827934
2008-11-21,59.7581083842363,0.0165741968689388
2008-11-22,56.7195605002921,0.0162417997435024
2008-11-23,55.3690947740947,0.0160723407005103
2008-11-24,58.0700262264896,0.0163061800493228
2008-11-25,58.7452590895883,0.0163366041511755
2008-11-26,59.7581083842363,0.0163998067496885
2008-11-27,59.0828755211376,0.0162996243016038
2008-11-28,57.0571769318415,0.016071736562194
2008-11-29,56.3819440687428,0.0159720602098226
2008-11-30,57.0571769318415,0.0160038792212202
2008-12-01,59.7581083842363,0.0162254166304382
2008-12-02,59.7581083842363,0.0161905386065887
2008-12-03,58.7452590895883,0.016061060103926
2008-12-04,58.7452590895883,0.0160266170980201
2008-12-05,56.7195605002921,0.015802088015858
2008-12-06,56.3819440687428,0.0157360295717207
2008-12-07,53.6810126163479,0.0154381294573411
2008-12-08,51.9929304586011,0.0152338891447506
2008-12-09,57.0571769318415,0.0157024848483164
2008-12-10,58.7452590895883,0.0158329582841581
2008-12-11,57.0571769318415,0.015655767035175
2008-12-12,57.0571769318415,0.0156324081286043
2008-12-13,57.0571769318415,0.0156090492220336
2008-12-14,58.4076426580389,0.015703881411585
2008-12-15,68.873752036069,0.0165003197637152
2008-12-16,74.6132313724081,0.0168541675427824
2008-12-17,68.1985191729703,0.0163818411542929
2008-12-18,64.8223548574767,0.0161043844346006
2008-12-19,64.147121994378,0.0160234959023465
2008-12-20,54.693861910996,0.0152459972267999
2008-12-21,49.6296154377556,0.0147703440017607
2008-12-22,57.0571769318415,0.0153988190628936
2008-12-23,57.0571769318415,0.015375460156323
2008-12-24,58.0700262264896,0.0154311651207471
2008-12-25,61.7838069735325,0.0156766515500428
2008-12-26,66.8480534467729,0.0159835188154119
2008-12-27,83.7288750242408,0.0168504872083767
2008-12-28,125.255696104812,0.0182020146049361
2008-12-29,126.943778262559,0.018151312788618
2008-12-30,107.362025232696,0.0175581043251731
2008-12-31,95.5454501284683,0.0171038316363807
2009-01-01,87.780272202833,0.0167804890415485
2009-01-02,78.6646285510004,0.0163889510725696
2009-01-03,79.6774778456485,0.0164236761275711
2009-01-04,77.9893956879017,0.0163427529047696
2009-01-05,74.2756149408587,0.0161656329766965
2009-01-06,65.4975877205754,0.0157233885741383
2009-01-07,66.1728205836741,0.0157605269098443
2009-01-08,68.1985191729703,0.0158652456667805
2009-01-09,66.8480534467729,0.0157958648547576
2009-01-10,62.4590398366312,0.0155642559800545
2009-01-11,53.6810126163479,0.0150395339146013
2009-01-12,54.3562454794466,0.0150940259711895
2009-01-13,66.8480534467729,0.0157943048228882
2009-01-14,55.0314783425453,0.0151561330783999
2009-01-15,43.8901361014165,0.0143641046791861
2009-01-16,48.2791497115582,0.0147264293523997
2009-01-17,50.3048483008543,0.0148855795688838
2009-01-18,54.0186290478973,0.015133799656951
2009-01-19,55.3690947740947,0.0152223773540698
2009-01-20,54.0186290478973,0.0151543529164248
2009-01-21,59.0828755211376,0.0154399777851423
2009-01-22,59.7581083842363,0.0154776217237889
2009-01-23,64.147121994378,0.015677303878382
2009-01-24,63.8095055628286,0.0157006190920495
2009-01-25,59.7581083842363,0.0155758091989778
2009-01-26,59.0828755211376,0.0155988644617422
2009-01-27,50.6424647324037,0.0151929842537112
2009-01-28,59.0828755211376,0.015706948814534
2009-01-29,60.0957248157857,0.0158073578426655
2009-01-30,60.4333412473351,0.0158766879652839
2009-01-31,60.0957248157857,0.0159154509637526
2009-02-01,60.7709576788844,0.0159999852666289
2009-02-02,58.4076426580389,0.0159432570170409
2009-02-03,59.7581083842363,0.0160622151658075
2009-02-04,60.4333412473351,0.0161469279928973
2009-02-05,55.3690947740947,0.0159476054858775
2009-02-06,52.3305468901505,0.0158350091472481
2009-02-07,60.0957248157857,0.0162937768875663
2009-02-08,65.1599712890261,0.0165687333651506
2009-02-09,66.8480534467729,0.0166926431680795
2009-02-10,74.2756149408587,0.0170192733590008
2009-02-11,85.4169571819875,0.0174220727629702
2009-02-12,101.284929464807,0.0178880908264453
2009-02-13,101.284929464807,0.0179436006826851
2009-02-14,87.780272202833,0.0176533896358721
2009-02-15,84.7417243188888,0.0176210499336178
2009-02-16,76.6389299617042,0.0174566260768759
2009-02-17,71.2370670569145,0.0173553269755794
2009-02-18,72.5875327831119,0.0174932345471145
2009-02-19,68.5361356045196,0.0174289883239425
2009-02-20,67.1856698783222,0.0174615276737404
2009-02-21,63.4718891312793,0.0173855131039942
2009-02-22,55.706711205644,0.0170816650412504
2009-02-23,58.4076426580389,0.0173123433190156
2009-02-24,65.1599712890261,0.0177195221033109
2009-02-25,64.8223548574767,0.017790420416559
2009-02-26,67.5232863098716,0.0179982079626144
2009-02-27,75.9636970986055,0.0184215758390178
2009-02-28,70.5618341938158,0.0182994273428313
2009-03-01,67.8609027414209,0.0182744666311977
2009-03-02,62.1214234050818,0.0180904291393371
2009-03-03,52.3305468901505,0.0176193630538567
2009-03-04,57.3947933633908,0.0180080738493677
2009-03-05,69.8866013307171,0.0187111474948531
2009-03-06,71.2370670569145,0.0188566836870606
2009-03-07,79.0022449825497,0.0192575445240151
2009-03-08,74.9508478039574,0.0191887958174592
2009-03-09,78.327012119451,0.0194134192621286
2009-03-10,82.0407928664939,0.0196435028560214
2009-03-11,80.3527107087472,0.0196809634942823
2009-03-12,80.6903271402965,0.0197934132891522
2009-03-13,74.2756149408587,0.0196390845173363
2009-03-14,71.2370670569145,0.0196085070300644
2009-03-15,69.8866013307171,0.0196482756283331
2009-03-16,70.5618341938158,0.0197777065499209
2009-03-17,76.6389299617042,0.0201353085262449
2009-03-18,94.5326008338202,0.0208683815383683
2009-03-19,97.9087651493138,0.0210730036058095
2009-03-20,90.1435872236785,0.0209281159089213
2009-03-21,88.4555050659318,0.0209715123693065
2009-03-22,88.1178886343824,0.0210600636033337
2009-03-23,80.0150942771978,0.0208661952415591
2009-03-24,77.6517792563523,0.0208743338743897
2009-03-25,80.3527107087472,0.0210787084420584
2009-03-26,82.0407928664939,0.0212421565643657
2009-03-27,85.0793407504382,0.021453473515441
2009-03-28,86.0921900450863,0.0215898189558135
2009-03-29,87.4426557712837,0.0217377054710873
2009-03-30,86.4298064766356,0.021802039867824
2009-03-31,83.053642161142,0.0217795031153658
2009-04-01,85.7545736135369,0.0219780869977576
2009-04-02,89.8059707921292,0.0222180213609578
2009-04-03,91.494052949876,0.0223658097959362
2009-04-04,87.780272202833,0.0223297762105151
2009-04-05,85.4169571819875,0.0223359251682693
2009-04-06,79.6774778456485,0.02221009830514
2009-04-07,78.327012119451,0.0222470292270749
2009-04-08,79.3398614140991,0.0223773678954501
2009-04-09,75.2884642355068,0.02230066193212
2009-04-10,74.6132313724081,0.0223615403273348
2009-04-11,72.9251492146613,0.0223775136735357
2009-04-12,70.8994506253651,0.022376100176011
2009-04-13,71.5746834884639,0.0224963458855732
2009-04-14,71.5746834884639,0.0225859328644837
2009-04-15,70.2242177622664,0.0226135499841052
2009-04-16,69.2113684676184,0.022655661472134
2009-04-17,68.5361356045196,0.0227130187806652
2009-04-18,68.873752036069,0.0228184126998481
2009-04-19,68.873752036069,0.0229077580159028
2009-04-20,73.9379985093094,0.0232301607371734
2009-04-21,76.6389299617042,0.0234380277517578
2009-04-22,78.327012119451,0.0235993886564076
2009-04-23,73.9379985093094,0.0234995339395927
2009-04-24,73.9379985093094,0.0235893250070633
2009-04-25,75.2884642355068,0.0237158070104951
2009-04-26,83.3912585926914,0.0240895145672196
2009-04-27,100.609696601709,0.0247443068728735
2009-04-28,89.1307379290305,0.0243886695771603
2009-04-29,89.1307379290305,0.0244292376356467
2009-04-30,90.1435872236785,0.0245076361835508
2009-05-01,88.7931214974811,0.0244974903650991
2009-05-02,79.0022449825497,0.0241385599633241
2009-05-03,73.9379985093094,0.0239449569740334
2009-05-04,70.2242177622664,0.0237992725334821
2009-05-05,68.5361356045196,0.0237478436237657
2009-05-06,67.8609027414209,0.0237468858595428
2009-05-07,67.5232863098716,0.0237627741968921
2009-05-08,66.8480534467729,0.0237595415531916
2009-05-09,64.8223548574767,0.0236784643455921
2009-05-10,63.8095055628286,0.0236525099181306
2009-05-11,62.1214234050818,0.0235840713039022
2009-05-12,60.4333412473351,0.0235116704020818
2009-05-13,62.7966562681806,0.0236899936379924
2009-05-14,77.3141628248029,0.0245104937102142
2009-05-15,84.4041078873394,0.0248751533033514
2009-05-16,75.9636970986055,0.0245178509465495
2009-05-17,67.5232863098716,0.0241037480570583
2009-05-18,65.4975877205754,0.023984733981002
2009-05-19,65.4975877205754,0.0239647091331203
2009-05-20,65.1599712890261,0.0239244123579367
2009-05-21,62.7966562681806,0.0237593700958605
2009-05-22,62.4590398366312,0.0237180703861412
2009-05-23,62.1214234050818,0.0236766296212718
2009-05-24,58.7452590895883,0.0234359628696614
2009-05-25,55.706711205644,0.0231991962771237
2009-05-26,60.7709576788844,0.0235296333956503
2009-05-27,73.60038207776,0.024258381780409
2009-05-28,83.053642161142,0.0247050390752703
2009-05-29,90.1435872236785,0.0250014468981049
2009-05-30,85.4169571819875,0.0247751525948263
2009-05-31,73.9379985093094,0.0241976777062961
2009-06-01,70.5618341938158,0.0239962423782043
2009-06-02,67.5232863098716,0.0238048040768477
2009-06-03,60.0957248157857,0.023323767938832
2009-06-04,66.1728205836741,0.0236849180625073
2009-06-05,63.4718891312793,0.0234998304765852
2009-06-06,61.1085741104338,0.0233293168675104
2009-06-07,67.5232863098716,0.0237050503168584
2009-06-08,82.3784092980433,0.0244636873521711
2009-06-09,88.7931214974811,0.0247379648262544
2009-06-10,96.220682991567,0.0250061502713129
2009-06-11,88.1178886343824,0.0246085020912722
2009-06-12,76.9765463932536,0.0240332063499811
2009-06-13,69.8866013307171,0.0236109049008377
2009-06-14,65.4975877205754,0.0233125715881298
2009-06-15,63.4718891312793,0.0231443700222086
2009-06-16,62.4590398366312,0.023036161461813
2009-06-17,58.7452590895883,0.0227560026564576
2009-06-18,62.1214234050818,0.0229230057006199
2009-06-19,61.4461905419831,0.0228356911393695
2009-06-20,59.420491952687,0.0226643581251639
2009-06-21,57.3947933633908,0.0224868877598107
2009-06-22,60.4333412473351,0.0226363234313202
2009-06-23,58.4076426580389,0.0224641713460808
2009-06-24,57.3947933633908,0.0223534866838616
2009-06-25,56.0443276371934,0.0222199841440931
2009-06-26,53.0057797532492,0.0219689111967563
2009-06-27,52.3305468901505,0.0218789246252221
2009-06-28,54.0186290478973,0.0219531098648605
2009-06-29,53.6810126163479,0.0218871712426382
2009-06-30,56.3819440687428,0.0220221563048545
2009-07-01,58.0700262264896,0.0220843375731137
2009-07-02,58.0700262264896,0.0220396013628329
2009-07-03,61.4461905419831,0.0221837020016569
2009-07-04,57.3947933633908,0.0218915362944168
2009-07-05,55.3690947740947,0.021711916988176
2009-07-06,53.0057797532492,0.021506747312932
2009-07-07,51.3176975955024,0.0213418944698358
2009-07-08,51.6553140270518,0.0213141869303966
2009-07-09,53.3433961847985,0.0213738564325521
2009-07-10,54.3562454794466,0.0213865763708632
2009-07-11,52.6681633216998,0.0212270483173612
2009-07-12,49.2919990062062,0.0209437067110038
2009-07-13,47.6039168484595,0.0207703943948571
2009-07-14,52.6681633216998,0.0210726542711724
2009-07-15,51.3176975955024,0.0209342350805607
2009-07-16,51.3176975955024,0.0208832776569018
2009-07-17,50.6424647324037,0.0207866765656017
2009-07-18,48.2791497115582,0.020572429088384
2009-07-19,46.5910675538114,0.020401853729297
2009-07-20,49.6296154377556,0.0205664844667266
2009-07-21,50.3048483008543,0.0205616236859121
2009-07-22,59.420491952687,0.0210462253874733
2009-07-23,59.0828755211376,0.0209745808924549
2009-07-24,51.9929304586011,0.0205172613835521
2009-07-25,53.6810126163479,0.0205666392580473
2009-07-26,54.693861910996,0.0205753134308409
2009-07-27,55.706711205644,0.0205830932849564
2009-07-28,53.6810126163479,0.0204161222948642
2009-07-29,50.6424647324037,0.0201800094932433
2009-07-30,48.6167661431075,0.0199964203087877
2009-07-31,48.9543825746569,0.0199686557898001
2009-08-01,50.3048483008543,0.0200070736237587
2009-08-02,49.6296154377556,0.0199126343812467
2009-08-03,52.6681633216998,0.0200543578080458
2009-08-04,51.9929304586011,0.0199628860962955
2009-08-05,49.6296154377556,0.0197615602466501
2009-08-06,49.967231869305,0.0197332934754682
2009-08-07,49.967231869305,0.0196829306731659
2009-08-08,56.0443276371934,0.0200026671187102
2009-08-09,67.8609027414209,0.0205734665130045
2009-08-10,67.8609027414209,0.0205250873366908
2009-08-11,56.7195605002921,0.0198914603958653
2009-08-12,52.6681633216998,0.0196019484154171
2009-08-13,53.0057797532492,0.0195723730174249
2009-08-14,52.6681633216998,0.0195014129948297
2009-08-15,51.6553140270518,0.0193880685177107
2009-08-16,48.9543825746569,0.0191630808758882
2009-08-17,47.2663004169101,0.0190020597748804
2009-08-18,49.2919990062062,0.0190996436525115
2009-08-19,48.6167661431075,0.0190139293903691
2009-08-20,53.0057797532492,0.0192680409565724
2009-08-21,60.4333412473351,0.0196899553259774
2009-08-22,64.147121994378,0.0198772417748187
2009-08-23,61.1085741104338,0.0196720262227151
2009-08-24,57.0571769318415,0.0193902492267238
2009-08-25,56.3819440687428,0.0193139599865996
2009-08-26,54.3562454794466,0.0191444956630103
2009-08-27,49.967231869305,0.0187942822806538
2009-08-28,49.2919990062062,0.0187046389479395
2009-08-29,54.3562454794466,0.0190396311911811
2009-08-30,61.1085741104338,0.0194701600347412
2009-08-31,60.7709576788844,0.0194183217452557
2009-09-01,58.4076426580389,0.019224254558585
2009-09-02,53.6810126163479,0.0188488476768378
2009-09-03,52.6681633216998,0.0187346507812613
2009-09-04,50.6424647324037,0.0185368028176694
2009-09-05,48.6167661431075,0.0183326023667629
2009-09-06,49.6296154377556,0.0183771497677017
2009-09-07,49.2919990062062,0.0183096342433676
2009-09-08,49.2919990062062,0.0182701337729111
2009-09-09,49.2919990062062,0.0182327907527553
2009-09-10,47.6039168484595,0.0180475431044606
2009-09-11,47.2663004169101,0.0179790072083361
2009-09-12,44.5653689645152,0.0176832756581506
2009-09-13,44.5653689645152,0.0176420885457217
2009-09-14,46.253451122262,0.0177672854825619
2009-09-15,46.5910675538114,0.0177613332042522
2009-09-16,46.5910675538114,0.0177225546779637
2009-09-17,45.9158346907127,0.0176154633991343
2009-09-18,45.240601827614,0.0175057349134645
2009-09-19,45.5782182591633,0.0175009436246536
2009-09-20,42.2020539436697,0.0171049012823949
2009-09-21,45.9158346907127,0.0174571229351754
2009-09-22,48.9543825746569,0.017735086521322
2009-09-23,70.8994506253651,0.0197355887145436
2009-09-24,63.4718891312793,0.0190722515004008
2009-09-25,54.693861910996,0.0182148663775335
2009-09-26,54.3562454794466,0.0181512980258243
2009-09-27,52.6681633216998,0.017945466688486
2009-09-28,58.7452590895883,0.0185298717820105
2009-09-29,64.4847384259273,0.0190719926059559
2009-09-30,65.8352041521248,0.0191817689902555
2009-10-01,62.7966562681806,0.0188697303835087
2009-10-02,65.8352041521248,0.0191274626162175
2009-10-03,63.8095055628286,0.0188874419757203
2009-10-04,59.420491952687,0.0183975783049407
2009-10-05,58.0700262264896,0.0182170718974517
2009-10-06,61.4461905419831,0.0185189717656429
2009-10-07,69.2113684676184,0.0192253526732312
2009-10-08,72.2499163515626,0.0194653879276524
2009-10-09,69.5489848991677,0.0191680850938148
2009-10-10,64.8223548574767,0.0186753526770525
2009-10-11,62.4590398366312,0.0184000947364622
2009-10-12,60.0957248157857,0.0181163178452757
2009-10-13,58.4076426580389,0.017900085869068
2009-10-14,57.0571769318415,0.0177207363555449
2009-10-15,56.7195605002921,0.0176426421645577
2009-10-16,56.0443276371934,0.0175296613900895
2009-10-17,54.0186290478973,0.0172732539913054
2009-10-18,54.3562454794466,0.0172657325385429
2009-10-19,56.0443276371934,0.0173986683067579
2009-10-20,54.693861910996,0.0172143777213691
2009-10-21,55.0314783425453,0.017206274721812
2009-10-22,56.0443276371934,0.0172676752234227
2009-10-23,59.7581083842363,0.0175977643136569
2009-10-24,67.8609027414209,0.0183361993209789
2009-10-25,72.9251492146613,0.0187605067071975
2009-10-26,74.2756149408587,0.0188343476788835
2009-10-27,73.60038207776,0.0187299254539587
2009-10-28,72.9251492146613,0.0186253520277619
2009-10-29,70.2242177622664,0.0183381846391077
2009-10-30,79.0022449825497,0.0190521900161515
2009-10-31,97.9087651493138,0.0204789266695547
2009-11-01,90.4812036552279,0.0198691287323935
2009-11-02,84.4041078873394,0.0193513292965321
2009-11-03,79.0022449825497,0.0188647604955523
2009-11-04,72.9251492146613,0.0183099911090836
2009-11-05,68.5361356045196,0.0178760174638711
2009-11-06,66.1728205836741,0.0176201267568222
2009-11-07,65.1599712890261,0.0174853553870256
2009-11-08,63.8095055628286,0.0173183390985539
2009-11-09,64.147121994378,0.0173069486653591
2009-11-10,63.1342726997299,0.0171704386755584
2009-11-11,60.4333412473351,0.0168708539334379
2009-11-12,58.0700262264896,0.0166000082703286
2009-11-13,59.420491952687,0.0166884044650975
2009-11-14,59.7581083842363,0.0166799535029275
2009-11-15,58.7452590895883,0.0165403181605514
2009-11-16,58.4076426580389,0.0164678471941222
2009-11-17,57.3947933633908,0.0163367728361176
2009-11-18,57.0571769318415,0.0162701831287168
2009-11-19,59.0828755211376,0.0164267498891605
2009-11-20,59.0828755211376,0.0163918104103131
2009-11-21,58.0700262264896,0.016263216500978
2009-11-22,58.7452590895883,0.0162909999322267
2009-11-23,58.0700262264896,0.016194203478028
2009-11-24,57.3947933633908,0.0160972589556464
2009-11-25,58.0700262264896,0.0161251904550752
2009-11-26,63.4718891312793,0.0165707531799326
2009-11-27,70.8994506253651,0.0171327451922622
2009-11-28,72.9251492146613,0.0172429139907991
2009-11-29,72.2499163515626,0.0171491042759973
2009-11-30,67.8609027414209,0.0167725166804092
2009-12-01,65.4975877205754,0.0165467821681816
2009-12-02,65.1599712890261,0.0164810713995646
2009-12-03,65.1599712890261,0.0164424010729514
2009-12-04,64.147121994378,0.016323551678032
2009-12-05,61.7838069735325,0.0160947900137888
2009-12-06,59.7581083842363,0.0158900723002594
2009-12-07,59.0828755211376,0.0157978392698988
2009-12-08,59.0828755211376,0.0157628997910514
2009-12-09,62.7966562681806,0.0160299372223532
2009-12-10,63.1342726997299,0.0160237651833563
2009-12-11,51.3176975955024,0.0149934382131568
2009-12-12,47.2663004169101,0.0145773457467989
2009-12-13,55.3690947740947,0.0153130688641339
2009-12-14,65.1599712890261,0.0160376802322835
2009-12-15,67.1856698783222,0.0161403752231447
2009-12-16,62.7966562681806,0.0158048430345822
2009-12-17,56.0443276371934,0.0152717629357158
2009-12-18,54.0186290478973,0.015084935537216
2009-12-19,59.420491952687,0.0154759273608415
2009-12-20,61.7838069735325,0.0156089785437898
2009-12-21,59.0828755211376,0.0153963154282694
2009-12-22,58.4076426580389,0.015320692332604
2009-12-23,55.0314783425453,0.0150493342916907
2009-12-24,55.3690947740947,0.0150505584768585
2009-12-25,58.0700262264896,0.0152162612132438
2009-12-26,63.8095055628286,0.0155426181712091
2009-12-27,68.5361356045196,0.0157668932741721
2009-12-28,66.8480534467729,0.0156419383605984
2009-12-29,64.147121994378,0.0154611814855817
2009-12-30,59.7581083842363,0.0151848253602461
2009-12-31,59.420491952687,0.0151371972991275
2010-01-01,61.4461905419831,0.0152337596518633
2010-01-02,59.7581083842363,0.0151424798813974
2010-01-03,51.6553140270518,0.0146427310962827
2010-01-04,50.6424647324037,0.0145786285832321
2010-01-05,57.0571769318415,0.0149919011458389
2010-01-06,61.1085741104338,0.0152117139830947
2010-01-07,62.1214234050818,0.0152598133695546
2010-01-08,61.4461905419831,0.0152262407038213
2010-01-09,56.7195605002921,0.0149845342232335
2010-01-10,53.0057797532492,0.0147784628450778
2010-01-11,53.6810126163479,0.0148235646864698
2010-01-12,57.3947933633908,0.0150292456947746
2010-01-13,58.4076426580389,0.0150830644706964
2010-01-14,57.7324097949402,0.0150511658321123
2010-01-15,58.0700262264896,0.015069866416819
2010-01-16,58.7452590895883,0.0151038696243313
2010-01-17,57.3947933633908,0.0150418042322987
2010-01-18,56.3819440687428,0.0149967331275842
2010-01-19,56.0443276371934,0.0149844342004301
2010-01-20,56.0443276371934,0.0149881863566841
2010-01-21,56.3819440687428,0.0150070509199001
2010-01-22,56.0443276371934,0.0149956906691923
2010-01-23,57.0571769318415,0.0150426442565654
2010-01-24,59.0828755211376,0.015160469790959
2010-01-25,64.4847384259273,0.0153936806624682
2010-01-26,66.8480534467729,0.0155182029743129
2010-01-27,63.1342726997299,0.0154462693508103
2010-01-28,59.7581083842363,0.0153790271086293
2010-01-29,52.6681633216998,0.0151295811920536
2010-01-30,49.2919990062062,0.0150064366959989
2010-01-31,50.980081163953,0.0151465908067402
2010-02-01,56.0443276371934,0.015424047764068
2010-02-02,59.7581083842363,0.0156222512266125
2010-02-03,58.0700262264896,0.0156059424794508
2010-02-04,58.4076426580389,0.0156683941810461
2010-02-05,56.7195605002921,0.0156474406548526
2010-02-06,55.0314783425453,0.0156244855008378
2010-02-07,54.0186290478973,0.0156292209743043
2010-02-08,52.3305468901505,0.0156028171436701
2010-02-09,53.3433961847985,0.0156970526036186
2010-02-10,57.0571769318415,0.0159050781084007
2010-02-11,57.7324097949402,0.0159815962385914
2010-02-12,54.693861910996,0.0159025803926558
2010-02-13,54.0186290478973,0.0159220422720295
2010-02-14,54.693861910996,0.0160001448862414
2010-02-15,54.3562454794466,0.0160343337148063
2010-02-16,54.693861910996,0.0161230089446024
2010-02-17,54.693861910996,0.0162007049797125
2010-02-18,54.693861910996,0.0162784010148291
2010-02-19,55.0314783425453,0.0163711251358339
2010-02-20,53.6810126163479,0.0163877336960546
2010-02-21,52.6681633216998,0.0164176608195442
2010-02-22,54.693861910996,0.0165891851552695
2010-02-23,55.3690947740947,0.016697927635232
2010-02-24,54.693861910996,0.0167445772254962
2010-02-25,54.0186290478973,0.0167902933196651
2010-02-26,54.3562454794466,0.0168838924551574
2010-02-27,54.3562454794466,0.0169614519615663
2010-02-28,53.6810126163479,0.017006004787143
2010-03-01,53.6810126163479,0.0170832886735283
2010-03-02,53.6810126163479,0.0171605725599199
2010-03-03,54.0186290478973,0.0172548260820087
2010-03-04,54.3562454794466,0.0173492494936175
2010-03-05,54.0186290478973,0.0174096703361211
2010-03-06,52.6681633216998,0.0174168913471533
2010-03-07,52.6681633216998,0.0174937552338915
2010-03-08,54.693861910996,0.0176769296468305
2010-03-09,58.0700262264896,0.0179246731466438
2010-03-10,62.4590398366312,0.0181986772861581
2010-03-11,69.8866013307171,0.0185816531018497
2010-03-12,99.9344637386099,0.0194978658367172
2010-03-13,119.516216768473,0.0199557107201044
2010-03-14,113.101504569035,0.0199458716517121
2010-03-15,100.609696601709,0.0198024542712017
2010-03-16,94.5326008338202,0.019763144473705
2010-03-17,86.4298064766356,0.0196602671539546
2010-03-18,77.6517792563523,0.0195103599797656
2010-03-19,70.2242177622664,0.0193624980072796
2010-03-20,67.5232863098716,0.0193627299388474
2010-03-21,66.8480534467729,0.0194327090209585
2010-03-22,64.8223548574767,0.0194487776505538
2010-03-23,61.1085741104338,0.0193914067109784
2010-03-24,57.3947933633908,0.0193171416502524
2010-03-25,58.4076426580389,0.019463205834558
2010-03-26,58.0700262264896,0.0195427847640379
2010-03-27,57.3947933633908,0.0196055334315427
2010-03-28,57.0571769318415,0.0196848295327788
2010-03-29,56.0443276371934,0.0197298605470364
2010-03-30,55.706711205644,0.0198087620452093
2010-03-31,56.0443276371934,0.0199221380199123
2010-04-01,56.3819440687428,0.0200354063592009
2010-04-02,55.3690947740947,0.020077589148577
2010-04-03,56.7195605002921,0.0202334669815198
2010-04-04,58.4076426580389,0.0204043620807506
2010-04-05,55.3690947740947,0.0203389035892189
2010-04-06,57.3947933633908,0.02052873982512
2010-04-07,70.5618341938158,0.0211568433085231
2010-04-08,90.1435872236785,0.0218280463389902
2010-04-09,90.4812036552279,0.0219251102488662
2010-04-10,82.3784092980433,0.0217948132421953
2010-04-11,73.60038207776,0.0216118295424078
2010-04-12,70.5618341938158,0.0215955663064265
2010-04-13,66.5104370152235,0.0215339792442751
2010-04-14,63.4718891312793,0.0214982237356743
2010-04-15,60.4333412473351,0.0214561453466653
2010-04-16,60.4333412473351,0.0215434253509316
2010-04-17,59.0828755211376,0.0215709178821099
2010-04-18,55.706711205644,0.021488770673803
2010-04-19,54.693861910996,0.021523018566205
2010-04-20,55.0314783425453,0.0216278433937792
2010-04-21,54.3562454794466,0.0216793251076034
2010-04-22,53.6810126163479,0.021730319345934
2010-04-23,53.0057797532492,0.0217808140365563
2010-04-24,55.0314783425453,0.0219762209914412
2010-04-25,59.420491952687,0.022259057072251
2010-04-26,59.420491952687,0.022289626018437
2010-04-27,54.3562454794466,0.0220594208238549
2010-04-28,53.3433961847985,0.0220323530780819
2010-04-29,54.0186290478973,0.0220981749717136
2010-04-30,55.0314783425453,0.0221825597589604
2010-05-01,57.3947933633908,0.022338788371929
2010-05-02,58.4076426580389,0.0224219458131406
2010-05-03,58.7452590895883,0.022469839744174
2010-05-04,58.7452590895883,0.0225001631252161
2010-05-05,57.0571769318415,0.0224397470590568
2010-05-06,54.693861910996,0.0223369030302226
2010-05-07,58.0700262264896,0.0225546636949624
2010-05-08,60.0957248157857,0.0226898886018006
2010-05-09,59.7581083842363,0.0227039102681033
2010-05-10,61.7838069735325,0.0228346930535226
2010-05-11,63.1342726997299,0.0229314995322717
2010-05-12,61.4461905419831,0.0228808359716101
2010-05-13,62.4590398366312,0.0229622864336067
2010-05-14,58.7452590895883,0.0228033969356146
2010-05-15,59.420491952687,0.0228704359959805
2010-05-16,58.0700262264896,0.0228253662181244
2010-05-17,57.7324097949402,0.0228358128217009
2010-05-18,55.706711205644,0.0227141678338347
2010-05-19,54.3562454794466,0.022611455726862
2010-05-20,53.6810126163479,0.0225493127481162
2010-05-21,54.3562454794466,0.0225717871574569
2010-05-22,54.693861910996,0.0225729572812677
2010-05-23,54.693861910996,0.0225531463702787
2010-05-24,53.6810126163479,0.0224697868647235
2010-05-25,54.3562454794466,0.02249245001865
2010-05-26,54.3562454794466,0.0224726157339466
2010-05-27,56.7195605002921,0.0225979555008614
2010-05-28,55.0314783425453,0.0224751063443684
2010-05-29,52.3305468901505,0.0222832760716223
2010-05-30,50.3048483008543,0.0221201924350651
2010-05-31,53.0057797532492,0.0222872466894374
2010-06-01,51.9929304586011,0.0222011427221799
2010-06-02,50.980081163953,0.0221102777752528
2010-06-03,50.3048483008543,0.0220396978674104
2010-06-04,51.6553140270518,0.0221187176698635
2010-06-05,53.6810126163479,0.022231209214547
2010-06-06,58.0700262264896,0.022482371751164
2010-06-07,58.4076426580389,0.0224828020667256
2010-06-08,54.3562454794466,0.022214770032821
2010-06-09,59.0828755211376,0.0224833915345403
2010-06-10,56.0443276371934,0.0222634076514388
2010-06-11,54.3562454794466,0.0221172701730929
2010-06-12,57.0571769318415,0.0222415294300785
2010-06-13,56.0443276371934,0.0221391467461565
2010-06-14,62.1214234050818,0.0224345440381398
2010-06-15,64.4847384259273,0.022509050933876
2010-06-16,71.5746834884639,0.0227878994587864
2010-06-17,65.4975877205754,0.0224694865247649
2010-06-18,63.1342726997299,0.0223110576637902
2010-06-19,59.420491952687,0.022080337457884
2010-06-20,55.0314783425453,0.0217900984406392
2010-06-21,56.3819440687428,0.0218271270748062
2010-06-22,60.0957248157857,0.0219867713138709
2010-06-23,56.7195605002921,0.0217630264762024
2010-06-24,55.3690947740947,0.0216452256410335
2010-06-25,55.706711205644,0.0216231351769376
2010-06-26,54.693861910996,0.021524609708535
2010-06-27,61.1085741104338,0.0218218272753636
2010-06-28,62.7966562681806,0.021858248144134
2010-06-29,58.7452590895883,0.0216203456462261
2010-06-30,51.3176975955024,0.021166528538976
2010-07-01,49.2919990062062,0.020993489252351
2010-07-02,49.2919990062062,0.0209547870171986
2010-07-03,49.2919990062062,0.0209080802713346
2010-07-04,48.6167661431075,0.0208165265864683
2010-07-05,48.9543825746569,0.0207924533227651
2010-07-06,47.6039168484595,0.0206560065821601
2010-07-07,45.240601827614,0.0204473627160338
2010-07-08,46.9286839853607,0.0205185931779466
2010-07-09,48.9543825746569,0.0206061570982769
2010-07-10,48.2791497115582,0.0205160335387486
2010-07-11,46.5910675538114,0.0203588188575835
2010-07-12,44.9029853960646,0.0201989103078665
2010-07-13,44.2277525329659,0.0201029729811904
2010-07-14,45.5782182591633,0.0201547446745831
2010-07-15,50.6424647324037,0.020429738981528
2010-07-16,47.6039168484595,0.0201956667315446
2010-07-17,45.240601827614,0.0199968536413891
2010-07-18,48.2791497115582,0.0201455862666326
2010-07-19,50.6424647324037,0.0202408247054423
2010-07-20,50.6424647324037,0.0201935961364219
2010-07-21,52.3305468901505,0.0202387455903788
2010-07-22,53.3433961847985,0.0202427250511946
2010-07-23,73.9379985093094,0.0210530942012608
2010-07-24,70.2242177622664,0.0208672899179659
2010-07-25,61.4461905419831,0.0204721867684471
2010-07-26,54.693861910996,0.0201198924577256
2010-07-27,55.706711205644,0.0201235749751761
2010-07-28,60.0957248157857,0.0202815541249704
2010-07-29,56.3819440687428,0.0200654817266302
2010-07-30,51.6553140270518,0.0197822857762817
2010-07-31,51.3176975955024,0.0197177420959321
2010-08-01,53.0057797532492,0.0197605923436146
2010-08-02,49.967231869305,0.0195481230354571
2010-08-03,44.5653689645152,0.0191694058249381
2010-08-04,44.9029853960646,0.0191454066235431
2010-08-05,44.9029853960646,0.0190984724554002
2010-08-06,45.5782182591633,0.0190949712752208
2010-08-07,42.5396703752191,0.0188394173395027
2010-08-08,42.8772868067684,0.0188167941355945
2010-08-09,48.9543825746569,0.0191633959174348
2010-08-10,48.9543825746569,0.0191168899804215
2010-08-11,46.5910675538114,0.0189251728174667
2010-08-12,47.2663004169101,0.0189207201626295
2010-08-13,48.6167661431075,0.0189569938388975
2010-08-14,47.9415332800088,0.0188691995766021
2010-08-15,46.9286839853607,0.0187595006661335
2010-08-16,45.9158346907127,0.0186482111373111
2010-08-17,44.5653689645152,0.0185147727868063
2010-08-18,39.1635060597255,0.0180755241522855
2010-08-19,42.2020539436697,0.0182629396328316
2010-08-20,44.2277525329659,0.0183681853167358
2010-08-21,54.0186290478973,0.0189625534998907
2010-08-22,59.0828755211376,0.0192212273455218
2010-08-23,58.0700262264896,0.0191384781705281
2010-08-24,52.6681633216998,0.0187846415737526
2010-08-25,51.6553140270518,0.0186859625308793
2010-08-26,49.967231869305,0.0185384655073252
2010-08-27,45.240601827614,0.0181582651246873
2010-08-28,44.5653689645152,0.0180654414994169
2010-08-29,44.5653689645152,0.018024593200564
2010-08-30,44.9029853960646,0.0180106490382235
2010-08-31,44.9029853960646,0.0179701096952294
2010-09-01,48.9543825746569,0.0182505402169945
2010-09-02,53.3433961847985,0.0185413602099346
2010-09-03,50.980081163953,0.018332546636455
2010-09-04,47.2663004169101,0.0180060732047937
2010-09-05,47.2663004169101,0.0179680458606469
2010-09-06,47.2663004169101,0.017930018516497
2010-09-07,48.9543825746569,0.0180326873659861
2010-09-08,48.9543825746569,0.0179963785574852
2010-09-09,46.253451122262,0.0177281041406785
2010-09-10,45.5782182591633,0.0176296522283024
2010-09-11,49.6296154377556,0.0179523396270902
2010-09-12,48.9543825746569,0.0178606990689096
2010-09-13,47.2663004169101,0.0176742134322806
2010-09-14,46.5910675538114,0.0175749135669538
2010-09-15,47.2663004169101,0.0176027116534945
2010-09-16,48.6167661431075,0.0176947905057234
2010-09-17,47.9415332800088,0.0175964335895451
2010-09-18,48.6167661431075,0.0176266996035693
2010-09-19,48.6167661431075,0.0175926541524937
2010-09-20,47.9415332800088,0.0174917570946313
2010-09-21,51.3176975955024,0.0177862675802526
2010-09-22,50.3048483008543,0.0176577999116507
2010-09-23,53.6810126163479,0.0179608711769389
2010-09-24,56.3819440687428,0.018195053346499
2010-09-25,54.0186290478973,0.0179394354718388
2010-09-26,55.0314783425453,0.0180138924064781
2010-09-27,55.0314783425453,0.0179879685435712
2010-09-28,55.706711205644,0.0180304965492699
2010-09-29,52.6681633216998,0.0176866809854714
2010-09-30,50.980081163953,0.0174737711073425
2010-10-01,51.6553140270518,0.0175156506547253
2010-10-02,50.980081163953,0.0174039364267422
2010-10-03,50.3048483008543,0.0172900576497351
2010-10-04,47.2663004169101,0.016909406215362
2010-10-05,46.253451122262,0.0167505861001262
2010-10-06,46.253451122262,0.0167098173414314
2010-10-07,46.9286839853607,0.0167478581939902
2010-10-08,46.5910675538114,0.0166677981738567
2010-10-09,47.6039168484595,0.0167437730812655
2010-10-10,47.2663004169101,0.0166642713379296
2010-10-11,48.2791497115582,0.0167383673776105
2010-10-12,46.9286839853607,0.0165437231747249
2010-10-13,46.5910675538114,0.0164638082398977
2010-10-14,46.253451122262,0.0163836672718695
2010-10-15,45.9158346907127,0.0163032967446234
2010-10-16,45.5782182591633,0.0162226930524907
2010-10-17,45.5782182591633,0.0161819833955305
2010-10-18,46.5910675538114,0.0162598183059387
2010-10-19,45.5782182591633,0.0161005640816102
2010-10-20,44.9029853960646,0.0159794719920791
2010-10-21,46.253451122262,0.0160982859610024
2010-10-22,46.253451122262,0.0160575172023042
2010-10-23,47.9415332800088,0.0162093664306295
2010-10-24,51.6553140270518,0.0165705567791833
2010-10-25,51.9929304586011,0.0165689387225892
2010-10-26,56.7195605002921,0.0170296202179009
2010-10-27,56.3819440687428,0.016955169406936
2010-10-28,54.0186290478973,0.0166702216152884
2010-10-29,56.0443276371934,0.0168405939366711
2010-10-30,55.3690947740947,0.0167315461004992
2010-10-31,54.0186290478973,0.0165514657744809
2010-11-01,54.0186290478973,0.0165118804942117
2010-11-02,53.3433961847985,0.0164012322795763
2010-11-03,49.967231869305,0.016003648759912
2010-11-04,53.3433961847985,0.0163223999328475
2010-11-05,54.0186290478973,0.0163535393731318
2010-11-06,52.3305468901505,0.0161362993778609
2010-11-07,51.6553140270518,0.0160246436728015
2010-11-08,51.6553140270518,0.0159856598139081
2010-11-09,49.967231869305,0.015771526099575
2010-11-10,48.9543825746569,0.0156257870427213
2010-11-11,49.6296154377556,0.015658767634807
2010-11-12,53.3433961847985,0.0160070705459291
2010-11-13,53.6810126163479,0.0160023645618558
2010-11-14,50.3048483008543,0.0156130675315683
2010-11-15,47.9415332800088,0.015324792222232
2010-11-16,48.2791497115582,0.0153236874053857
2010-11-17,49.6296154377556,0.0154349112140264
2010-11-18,51.3176975955024,0.015575460595672
2010-11-19,51.3176975955024,0.0155433712301544
2010-11-20,50.6424647324037,0.015443516802464
2010-11-21,50.3048483008543,0.0153775058612562
2010-11-22,50.980081163953,0.0154135318295629
2010-11-23,52.3305468901505,0.0155170471847252
2010-11-24,53.3433961847985,0.0155843904878456
2010-11-25,52.3305468901505,0.015451766500969
2010-11-26,48.2791497115582,0.0150119959179877
2010-11-27,46.253451122262,0.0147660517123878
2010-11-28,48.6167661431075,0.0149844701251212
2010-11-29,52.3305468901505,0.0153212051334619
2010-11-30,56.7195605002921,0.0156939229305274
2010-12-01,60.7709576788844,0.0160050059279719
2010-12-02,64.147121994378,0.0162374310126342
2010-12-03,59.420491952687,0.0158185879130524
2010-12-04,51.9929304586011,0.0151262146017503
2010-12-05,48.6167661431075,0.0147655506346133
2010-12-06,46.9286839853607,0.0145619983887304
2010-12-07,48.2791497115582,0.0146691352818505
2010-12-08,48.9543825746569,0.014705256210554
2010-12-09,45.9158346907127,0.0143688530762946
2010-12-10,47.2663004169101,0.0144908187297203
2010-12-11,51.9929304586011,0.0149211894003947
2010-12-12,55.0314783425453,0.0151568606543394
2010-12-13,48.9543825746569,0.0145993242052948
2010-12-14,36.80019103888,0.0132425612017182
2010-12-15,43.5525196698672,0.0140292952403442
2010-12-16,49.2919990062062,0.0145711851855814
2010-12-17,45.240601827614,0.0141746517620093
2010-12-18,48.6167661431075,0.0144714976104614
2010-12-19,50.3048483008543,0.0145985430213118
2010-12-20,48.6167661431075,0.0144331127806157
2010-12-21,45.5782182591633,0.0141442998388565
2010-12-22,48.2791497115582,0.0143659868859211
2010-12-23,50.980081163953,0.0145687710513654
2010-12-24,49.6296154377556,0.0144391840344598
2010-12-25,46.253451122262,0.0141396002323004
2010-12-26,45.5782182591633,0.0140655508575875
2010-12-27,46.253451122262,0.0141065317269435
2010-12-28,45.5782182591633,0.0140340512650804
2010-12-29,46.253451122262,0.0140734632215854
2010-12-30,47.2663004169101,0.014137024292197
2010-12-31,51.6553140270518,0.0144416951385548
