Date,Q,TP
2007-01-01,21.15268424,0.21843768
2007-01-02,17.75466267,0.193382533
2007-01-03,14.80971065,0.169961782
2007-01-04,13.08238302,0.15467335
2007-01-05,11.92139232,0.146261262
2007-01-06,10.84535216,0.137866246
2007-01-07,9.82594569,0.129293255
2007-01-08,7.928716983,0.112711067
2007-01-09,5.946537737,0.093770748
2007-01-10,4.813863883,0.082051824
2007-01-11,4.247526955,0.075858225
2007-01-12,3.681190028,0.068857278
2007-01-13,3.398021564,0.065464747
2007-01-14,3.398021564,0.065477106
2007-01-15,3.114853101,0.062358955
2007-01-16,3.114853101,0.062379084
2007-01-17,3.114853101,0.062399212
2007-01-18,3.114853101,0.062419341
2007-01-19,3.114853101,0.062439469
2007-01-20,3.114853101,0.062459597
2007-01-21,3.398021564,0.065563618
2007-01-22,3.398021564,0.065575977
2007-01-23,3.398021564,0.065588336
2007-01-24,3.398021564,0.065672228
2007-01-25,3.398021564,0.065788636
2007-01-26,3.398021564,0.065905043
2007-01-27,3.398021564,0.06602145
2007-01-28,3.398021564,0.066137858
2007-01-29,3.398021564,0.066254265
2007-01-30,3.256437332,0.064911229
2007-01-31,3.114853101,0.063515593
2007-02-01,3.114853101,0.063644285
2007-02-02,3.114853101,0.063772977
2007-02-03,3.114853101,0.063901669
2007-02-04,2.831684637,0.06082929
2007-02-05,2.831684637,0.060971438
2007-02-06,2.831684637,0.061113587
2007-02-07,2.831684637,0.061255735
2007-02-08,3.114853101,0.064545129
2007-02-09,3.114853101,0.064673821
2007-02-10,3.114853101,0.064802513
2007-02-11,3.114853101,0.064931205
2007-02-12,3.398021564,0.067883969
2007-02-13,3.398021564,0.068000376
2007-02-14,3.398021564,0.068116783
2007-02-15,3.398021564,0.068233191
2007-02-16,3.398021564,0.068527091
2007-02-17,3.398021564,0.068846347
2007-02-18,3.681190028,0.071863323
2007-02-19,3.681190028,0.072156218
2007-02-20,3.681190028,0.072449113
2007-02-21,3.681190028,0.072742008
2007-02-22,3.681190028,0.073034904
2007-02-23,3.398021564,0.070761883
2007-02-24,3.398021564,0.071081139
2007-02-25,3.398021564,0.071400395
2007-02-26,3.681190028,0.074206485
2007-02-27,3.964358492,0.076903747
2007-02-28,4.247526955,0.079377626
2007-03-01,4.247526955,0.079613092
2007-03-02,4.247526955,0.079848558
2007-03-03,4.247526955,0.080084024
2007-03-04,4.247526955,0.08031949
2007-03-05,4.247526955,0.080554956
2007-03-06,3.964358492,0.078745827
2007-03-07,3.964358492,0.079008981
2007-03-08,4.247526955,0.081261354
2007-03-09,4.813863883,0.085055322
2007-03-10,6.512874665,0.095189406
2007-03-11,10.76040162,0.115827644
2007-03-12,22.65347709,0.161955294
2007-03-13,56.63369274,0.285121968
2007-03-14,120.3465971,0.432926414
2007-03-15,76.4554852,0.337789331
2007-03-16,48.42180729,0.257144208
2007-03-17,32.84754179,0.200235307
2007-03-18,28.31684637,0.184896478
2007-03-19,27.38239044,0.181754529
2007-03-20,28.8831833,0.187057291
2007-03-21,30.29902561,0.191793178
2007-03-22,35.1128895,0.209918969
2007-03-23,35.96239489,0.213252974
2007-03-24,31.9980364,0.197303183
2007-03-25,31.14853101,0.194820796
2007-03-26,30.01585715,0.191394436
2007-03-27,25.51347858,0.176124894
2007-03-28,28.8831833,0.187972246
2007-03-29,27.35407359,0.18297808
2007-03-30,22.25704125,0.163812534
2007-03-31,17.83961321,0.148187962
2007-04-01,27.41070728,0.183567513
2007-04-02,26.56120189,0.180973233
2007-04-03,39.07724799,0.22492382
2007-04-04,41.05942723,0.232308016
2007-04-05,32.84754179,0.204190887
2007-04-06,23.92773518,0.174811487
2007-04-07,17.98119744,0.153336443
2007-04-08,16.14060243,0.147362169
2007-04-09,15.14951281,0.14413967
2007-04-10,14.24337372,0.140986052
2007-04-11,13.45050203,0.138075514
2007-04-12,13.47881887,0.138933737
2007-04-13,14.13010634,0.142694962
2007-04-14,15.82911712,0.15077574
2007-04-15,14.49822534,0.145842864
2007-04-16,12.54436294,0.138296139
2007-04-17,11.52495647,0.135112769
2007-04-18,10.9303027,0.133366414
2007-04-19,10.9303027,0.134053811
2007-04-20,10.16574785,0.131373454
2007-04-21,8.070301215,0.122115967
2007-04-22,5.889904045,0.112542058
2007-04-23,5.946537737,0.113500608
2007-04-24,6.116438816,0.115062562
2007-04-25,5.606735581,0.113105669
2007-04-26,5.748319813,0.115065969
2007-04-27,7.164162131,0.123437791
2007-04-28,7.532281134,0.126270923
2007-04-29,6.994261053,0.125007827
2007-04-30,5.351883964,0.117682605
2007-05-01,15.88575081,0.169084892
2007-05-02,20.84119893,0.1908224
2007-05-03,18.71743545,0.184376066
2007-05-04,14.63980957,0.16755322
2007-05-05,11.15683747,0.152659687
2007-05-06,9.20297507,0.143940624
2007-05-07,8.041984369,0.139221753
2007-05-08,7.673865366,0.138807976
2007-05-09,7.362380056,0.13856768
2007-05-10,6.654458897,0.136243686
2007-05-11,6.456240972,0.136360526
2007-05-12,5.918220891,0.134480455
2007-05-13,5.266933425,0.132275393
2007-05-14,4.502378573,0.130607229
2007-05-15,4.842180729,0.133062977
2007-05-16,7.24911267,0.146319173
2007-05-17,7.079211592,0.146655099
2007-05-18,6.00317143,0.142272717
2007-05-19,5.210299732,0.139759358
2007-05-20,4.643962804,0.13920974
2007-05-21,4.332477494,0.139438573
2007-05-22,4.247526955,0.140592146
2007-05-23,4.049309031,0.141153208
2007-05-24,3.539605796,0.139848991
2007-05-25,3.341387872,0.14058002
2007-05-26,3.171486793,0.141382524
2007-05-27,2.916635176,0.141785884
2007-05-28,2.780714313,0.14262773
2007-05-29,2.644793451,0.143433061
2007-05-30,2.557011227,0.144437992
2007-05-31,2.525862696,0.145711019
2007-06-01,2.667446928,0.147834211
2007-06-02,3.19980364,0.151598581
2007-06-03,3.964358492,0.157288667
2007-06-04,6.62614205,0.1763855
2007-06-05,7.87208329,0.186599583
2007-06-06,6.201389355,0.176694586
2007-06-07,5.181982885,0.17075428
2007-06-08,5.295250271,0.173002063
2007-06-09,5.351883964,0.174955077
2007-06-10,4.502378573,0.171479044
2007-06-11,4.020992184,0.16945558
2007-06-12,3.709506874,0.168211208
2007-06-13,3.369704718,0.167095153
2007-06-14,3.058219408,0.166646884
2007-06-15,2.860001483,0.166584179
2007-06-16,2.661783559,0.166343199
2007-06-17,2.449407211,0.165792603
2007-06-18,2.194555594,0.165039036
2007-06-19,2.152080324,0.16577419
2007-06-20,2.256852656,0.167015214
2007-06-21,2.109605054,0.167356588
2007-06-22,1.925545553,0.167445201
2007-06-23,1.738654367,0.167369955
2007-06-24,1.616891928,0.167491418
2007-06-25,1.55742655,0.167896798
2007-06-26,1.554594866,0.168630484
2007-06-27,1.500792858,0.16901666
2007-06-28,1.350713572,0.169578195
2007-06-29,1.265763033,0.170400413
2007-06-30,1.211961025,0.171188907
2007-07-01,1.183644178,0.171947354
2007-07-02,1.132673855,0.172733828
2007-07-03,1.20912934,0.172464347
2007-07-04,1.446990849,0.172130059
2007-07-05,1.407347265,0.172018698
2007-07-06,1.279921456,0.17191479
2007-07-07,1.203465971,0.171757333
2007-07-08,1.141168909,0.171568257
2007-07-09,1.798119744,0.174998291
2007-07-10,1.704674151,0.174075671
2007-07-11,1.840595014,0.175445785
2007-07-12,1.342218518,0.171007564
2007-07-13,1.192139232,0.170673971
2007-07-14,1.200634286,0.170506314
2007-07-15,1.135505539,0.170210331
2007-07-16,1.081703531,0.169901301
2007-07-17,1.12984217,0.169809427
2007-07-18,1.169485755,0.169714745
2007-07-19,1.141168909,0.169450809
2007-07-20,1.070376793,0.169036965
2007-07-21,0.999584677,0.168572095
2007-07-22,1.098693639,0.168721677
2007-07-23,1.022238154,0.168211017
2007-07-24,1.121347116,0.168408789
2007-07-25,1.211961025,0.168424366
2007-07-26,1.687684044,0.172394594
2007-07-27,4.275843802,0.219422384
2007-07-28,6.739409436,0.265883612
2007-07-29,4.077625877,0.214597194
2007-07-30,2.409763626,0.180882645
2007-07-31,1.829268275,0.170368238
2007-08-01,1.594238451,0.165300003
2007-08-02,1.308238302,0.160763884
2007-08-03,1.084535216,0.158167847
2007-08-04,0.996752992,0.156336992
2007-08-05,1.059050054,0.155786779
2007-08-06,1.09303027,0.155003825
2007-08-07,1.806614798,0.163974417
2007-08-08,2.191723909,0.16966849
2007-08-09,1.837763329,0.162842822
2007-08-10,1.497961173,0.154866104
2007-08-11,1.302574933,0.151679052
2007-08-12,1.313901672,0.150778682
2007-08-13,1.265763033,0.149308158
2007-08-14,1.302574933,0.148662466
2007-08-15,1.262931348,0.147243885
2007-08-16,1.24594124,0.146039297
2007-08-17,1.177980809,0.14404909
2007-08-18,1.101525324,0.14159787
2007-08-19,2.149248639,0.158752501
2007-08-20,4.785547036,0.217006567
2007-08-21,7.787132751,0.278006421
2007-08-22,7.022577899,0.261540244
2007-08-23,5.465151349,0.224626632
2007-08-24,5.351883964,0.220939013
2007-08-25,4.530695419,0.203549487
2007-08-26,3.426338411,0.176628935
2007-08-27,2.88831833,0.164212978
2007-08-28,2.506040904,0.153677296
2007-08-29,2.208714017,0.144893291
2007-08-30,1.648040459,0.132300908
2007-08-31,1.829268275,0.134767671
2007-09-01,1.662198882,0.129647571
2007-09-02,1.463980957,0.12334482
2007-09-03,1.350713572,0.12057292
2007-09-04,1.333723464,0.118885029
2007-09-05,1.299743248,0.116993068
2007-09-06,1.277089771,0.115224595
2007-09-07,1.347881887,0.114564175
2007-09-08,1.32522841,0.112805663
2007-09-09,1.353545256,0.111716689
2007-09-10,1.364871995,0.110485687
2007-09-11,1.682020674,0.115440555
2007-09-12,1.605565189,0.112316988
2007-09-13,1.44132748,0.107235169
2007-09-14,1.322396725,0.104562195
2007-09-15,1.237446186,0.102200776
2007-09-16,1.115683747,0.099290989
2007-09-17,1.070376793,0.097326301
2007-09-18,1.32522841,0.099160608
2007-09-19,1.296911564,0.097482604
2007-09-20,1.203465971,0.095025578
2007-09-21,1.17231744,0.093290925
2007-09-22,1.163822386,0.091836232
2007-09-23,1.132673855,0.090095256
2007-09-24,1.132673855,0.088749132
2007-09-25,1.228951132,0.088571068
2007-09-26,1.650872143,0.093833193
2007-09-27,1.217624394,0.085734827
2007-09-28,1.220456078,0.084415703
2007-09-29,1.169485755,0.082466345
2007-09-30,1.078871847,0.07999481
2007-10-01,1.616891928,0.086181504
2007-10-02,1.820773222,0.088965708
2007-10-03,1.727327628,0.086254654
2007-10-04,1.783961321,0.086297058
2007-10-05,1.690515728,0.083575991
2007-10-06,1.55742655,0.079981596
2007-10-07,1.413010634,0.076531362
2007-10-08,1.387525472,0.075326585
2007-10-09,1.359208626,0.074091096
2007-10-10,1.231782817,0.071815437
2007-10-11,1.28841651,0.071462775
2007-10-12,1.257267979,0.070182773
2007-10-13,1.223287763,0.068866436
2007-10-14,1.228951132,0.067975275
2007-10-15,1.381862103,0.068564516
2007-10-16,2.574001335,0.087323945
2007-10-17,2.777882629,0.08978938
2007-10-18,3.936041645,0.106789649
2007-10-19,4.275843802,0.110870559
2007-10-20,3.567922642,0.098049802
2007-10-21,3.058219408,0.089690158
2007-10-22,2.678773666,0.082575287
2007-10-23,2.489050796,0.078185336
2007-10-24,2.29649624,0.073528892
2007-10-25,2.211545701,0.071636365
2007-10-26,2.163407063,0.07038973
2007-10-27,2.089783262,0.068797159
2007-10-28,1.999169354,0.066943028
2007-10-29,1.951030715,0.065647932
2007-10-30,1.908555445,0.064422638
2007-10-31,1.917050499,0.063925709
2007-11-01,1.823604906,0.061944175
2007-11-02,1.863248491,0.06191453
2007-11-03,1.781129637,0.060078497
2007-11-04,1.749981106,0.058991217
2007-11-05,2.361624987,0.067050136
2007-11-06,2.593823127,0.070409027
2007-11-07,2.508872588,0.068339369
2007-11-08,1.999169354,0.060088534
2007-11-09,1.718832575,0.055467169
2007-11-10,1.594238451,0.052875448
2007-11-11,1.56308992,0.051756866
2007-11-12,1.546099812,0.050872539
2007-11-13,1.500792858,0.049500123
2007-11-14,1.517782965,0.049198049
2007-11-15,1.560258235,0.049316358
2007-11-16,1.653703828,0.05025616
2007-11-17,1.730159313,0.051135806
2007-11-18,1.71600089,0.05063823
2007-11-19,1.724495944,0.05048039
2007-11-20,1.741486052,0.050448797
2007-11-21,1.849090068,0.051717516
2007-11-22,1.849090068,0.051434081
2007-11-23,1.684852359,0.048734704
2007-11-24,1.461149273,0.044744575
2007-11-25,1.956694084,0.052056099
2007-11-26,1.959525769,0.051811944
2007-11-27,1.741486052,0.048452892
2007-11-28,1.642377089,0.046637592
2007-11-29,1.585743397,0.045433417
2007-11-30,1.529109704,0.044193856
2007-12-01,3.114853101,0.067262953
2007-12-02,4.530695419,0.087095822
2007-12-03,5.097032346,0.093883017
2007-12-04,5.38020081,0.096841157
2007-12-05,4.247526955,0.082362743
2007-12-06,3.398021564,0.069432324
2007-12-07,2.831684637,0.061660135
2007-12-08,2.435248788,0.055185758
2007-12-09,2.152080324,0.050706282
2007-12-10,2.038812939,0.049252852
2007-12-11,1.925545553,0.047710451
2007-12-12,1.897228707,0.047288262
2007-12-13,1.925545553,0.047655028
2007-12-14,1.925545553,0.047627317
2007-12-15,1.925545553,0.047599606
2007-12-16,1.953862399,0.047964316
2007-12-17,1.953862399,0.047937531
2007-12-18,1.982179246,0.048299346
2007-12-19,2.038812939,0.049036078
2007-12-20,2.095446631,0.049755439
2007-12-21,2.152080324,0.050458402
2007-12-22,2.265347709,0.05183605
2007-12-23,4.247526955,0.080923278
2007-12-24,8.211885447,0.126866738
2007-12-25,7.079211592,0.115388866
2007-12-26,5.663369274,0.098308828
2007-12-27,4.813863883,0.088188545
2007-12-28,4.247526955,0.080788066
2007-12-29,3.681190028,0.072347446
2007-12-30,3.398021564,0.068322753
2007-12-31,3.114853101,0.064729853
2008-01-01,2.831684637,0.060830035
2008-01-02,2.775050944,0.060053042
2008-01-03,2.661783559,0.058397209
2008-01-04,2.831684637,0.060986747
2008-01-05,2.831684637,0.061038985
2008-01-06,3.398021564,0.068546332
2008-01-07,11.32673855,0.150415115
2008-01-08,33.98021564,0.33399606
2008-01-09,50.97032346,0.50290424
2008-01-10,49.55448115,0.4782245
2008-01-11,40.77625877,0.396736307
2008-01-12,30.01585715,0.287874371
2008-01-13,24.23922049,0.242823383
2008-01-14,21.49248639,0.217400854
2008-01-15,18.91565337,0.198537671
2008-01-16,17.78297952,0.190483735
2008-01-17,15.80080027,0.176344132
2008-01-18,11.04357008,0.142723229
2008-01-19,7.64554852,0.116081362
2008-01-20,6.796043128,0.108309309
2008-01-21,5.946537737,0.099665432
2008-01-22,5.663369274,0.096497829
2008-01-23,5.38020081,0.093418798
2008-01-24,5.097032346,0.090493968
2008-01-25,5.097032346,0.090474433
2008-01-26,5.097032346,0.090454897
2008-01-27,4.813863883,0.087462097
2008-01-28,4.813863883,0.087466235
2008-01-29,4.813863883,0.087470372
2008-01-30,4.813863883,0.08747451
2008-01-31,4.813863883,0.087478648
2008-02-01,4.813863883,0.087482785
2008-02-02,4.813863883,0.087486923
2008-02-03,4.813863883,0.08749106
2008-02-04,4.700596497,0.086335509
2008-02-05,4.530695419,0.084571744
2008-02-06,4.530695419,0.08460099
2008-02-07,4.530695419,0.084630236
2008-02-08,4.247526955,0.081623075
2008-02-09,4.247526955,0.081679051
2008-02-10,3.964358492,0.0785462
2008-02-11,3.964358492,0.078630751
2008-02-12,3.964358492,0.078715301
2008-02-13,4.247526955,0.081902954
2008-02-14,4.247526955,0.08195893
2008-02-15,4.247526955,0.082014906
2008-02-16,3.964358492,0.079195618
2008-02-17,4.530695419,0.085234572
2008-02-18,5.38020081,0.092775593
2008-02-19,5.946537737,0.097513774
2008-02-20,5.663369274,0.095307032
2008-02-21,5.663369274,0.09540466
2008-02-22,5.38020081,0.093262695
2008-02-23,5.097032346,0.091211987
2008-02-24,5.097032346,0.091360721
2008-02-25,4.813863883,0.089269762
2008-02-26,4.530695419,0.087101709
2008-02-27,4.247526955,0.084844653
2008-02-28,4.247526955,0.085084291
2008-02-29,3.964358492,0.082758115
2008-03-01,3.964358492,0.083032154
2008-03-02,3.964358492,0.083306192
2008-03-03,6.796043128,0.104022941
2008-03-04,10.19406469,0.121860005
2008-03-05,9.910896229,0.12036082
2008-03-06,9.344559302,0.117440603
2008-03-07,9.344559302,0.117315947
2008-03-08,8.778222374,0.114298731
2008-03-09,8.211885447,0.111436083
2008-03-10,7.928716983,0.110230298
2008-03-11,7.928716983,0.110411144
2008-03-12,7.928716983,0.11059199
2008-03-13,7.928716983,0.110772836
2008-03-14,14.15842318,0.137477879
2008-03-15,22.08714017,0.166856479
2008-03-16,21.23763478,0.163108726
2008-03-17,20.38812939,0.159772859
2008-03-18,19.82179246,0.158062072
2008-03-19,33.98021564,0.208417879
2008-03-20,49.55448115,0.257079575
2008-03-21,48.13863883,0.252620037
2008-03-22,45.30695419,0.244171947
2008-03-23,44.17428034,0.240325313
2008-03-24,38.51091106,0.222442517
2008-03-25,39.64358492,0.225591635
2008-03-26,53.51883964,0.265386835
2008-03-27,56.06735581,0.272646849
2008-03-28,45.87329112,0.241883978
2008-03-29,39.36041645,0.222722606
2008-03-30,35.96239489,0.211401958
2008-03-31,38.79407953,0.220012239
2008-04-01,54.36834503,0.263786349
2008-04-02,45.59012265,0.239222848
2008-04-03,38.2277426,0.219003522
2008-04-04,32.56437332,0.200556962
2008-04-05,29.73268869,0.193084685
2008-04-06,27.26912305,0.186360583
2008-04-07,25.11704273,0.179995193
2008-04-08,23.8144678,0.176064468
2008-04-09,52.38616578,0.263197442
2008-04-10,48.70497575,0.252418827
2008-04-11,92.87925609,0.410238419
2008-04-12,83.25152832,0.366159545
2008-04-13,69.94261053,0.319670315
2008-04-14,51.53666039,0.263789937
2008-04-15,40.49309031,0.233254337
2008-04-16,33.69704718,0.211404234
2008-04-17,30.58219408,0.202076162
2008-04-18,28.60001483,0.196983357
2008-04-19,26.39130082,0.19076358
2008-04-20,24.01268572,0.18335601
2008-04-21,21.60575378,0.175005362
2008-04-22,19.56694084,0.16862349
2008-04-23,14.13010634,0.149870121
2008-04-24,11.44000593,0.140273923
2008-04-25,21.35090216,0.177214861
2008-04-26,99.10896229,0.471134019
2008-04-27,60.31488277,0.310373633
2008-04-28,41.62576416,0.25131462
2008-04-29,23.47466564,0.191475778
2008-04-30,16.99010782,0.169252179
2008-05-01,15.12119596,0.163149293
2008-05-02,13.33723464,0.156331156
2008-05-03,13.64871995,0.158988653
2008-05-04,12.68594717,0.156278505
2008-05-05,11.58159016,0.15314208
2008-05-06,10.39228262,0.149134931
2008-05-07,8.919806606,0.142948594
2008-05-08,7.673865366,0.138507636
2008-05-09,6.739409436,0.135360833
2008-05-10,6.229706201,0.133846099
2008-05-11,6.116438816,0.134266423
2008-05-12,6.201389355,0.135723367
2008-05-13,5.776636659,0.134437417
2008-05-14,4.955448115,0.132034483
2008-05-15,5.606735581,0.135481676
2008-05-16,5.153666039,0.134740564
2008-05-17,5.238616578,0.13615487
2008-05-18,5.125349193,0.137271967
2008-05-19,3.369704718,0.131384066
2008-05-20,3.567922642,0.133516227
2008-05-21,4.162576416,0.137783036
2008-05-22,3.964358492,0.138226671
2008-05-23,3.794457413,0.13872485
2008-05-24,3.652873182,0.139300635
2008-05-25,3.482972103,0.139738092
2008-05-26,3.454655257,0.140939033
2008-05-27,3.369704718,0.141892689
2008-05-28,3.228120486,0.142571788
2008-05-29,3.086536254,0.143208163
2008-05-30,3.398021564,0.145959834
2008-05-31,3.482972103,0.147651792
2008-06-01,3.794457413,0.150912848
2008-06-02,3.426338411,0.150034054
2008-06-03,3.681190028,0.152860423
2008-06-04,3.737823721,0.154590989
2008-06-05,17.58476159,0.243819197
2008-06-06,21.8606054,0.271347164
2008-06-07,17.01842467,0.24560411
2008-06-08,63.99607279,0.492447332
2008-06-09,169.0515728,0.847029949
2008-06-10,112.7010485,0.641072818
2008-06-11,73.90696902,0.548482875
2008-06-12,55.78418735,0.48289507
2008-06-13,157.4416658,0.783812534
2008-06-14,141.3010634,0.725933987
2008-06-15,99.39213075,0.622963549
2008-06-16,72.77429517,0.577772596
2008-06-17,58.89904045,0.530255561
2008-06-18,52.38616578,0.506947042
2008-06-19,50.40398654,0.503779186
2008-06-20,47.5723019,0.495974785
2008-06-21,45.02378573,0.4885359
2008-06-22,41.62576416,0.474713619
2008-06-23,38.51091106,0.460551248
2008-06-24,35.39605796,0.44414203
2008-06-25,31.43169947,0.419564538
2008-06-26,27.24080621,0.395311599
2008-06-27,23.36139825,0.368010186
2008-06-28,20.13327777,0.342524877
2008-06-29,18.03783114,0.329489659
2008-06-30,16.25386982,0.316851805
2008-07-01,9.287925609,0.250024316
2008-07-02,6.654458897,0.223731108
2008-07-03,7.419013749,0.233867155
2008-07-04,6.994261053,0.230788183
2008-07-05,6.852676821,0.230698474
2008-07-06,6.541191511,0.228361956
2008-07-07,6.569508358,0.230221826
2008-07-08,6.994261053,0.237160334
2008-07-09,5.776636659,0.221853016
2008-07-10,5.125349193,0.214372771
2008-07-11,5.578418735,0.221266769
2008-07-12,6.456240972,0.236095208
2008-07-13,7.022577899,0.24550708
2008-07-14,6.31465674,0.236910438
2008-07-15,5.436834503,0.224097442
2008-07-16,6.654458897,0.24497454
2008-07-17,19.31208922,0.404527333
2008-07-18,11.92139232,0.31995839
2008-07-19,12.34614502,0.327446019
2008-07-20,15.06456227,0.36556902
2008-07-21,18.77406914,0.413049431
2008-07-22,12.57267979,0.337925362
2008-07-23,13.28060095,0.348731222
2008-07-24,12.31782817,0.340102759
2008-07-25,11.41168909,0.330071623
2008-07-26,10.42059946,0.316986575
2008-07-27,8.778222374,0.291009748
2008-07-28,7.079211592,0.265554759
2008-07-29,5.323567117,0.233651877
2008-07-30,3.681190028,0.20302807
2008-07-31,2.831684637,0.185658086
2008-08-01,2.718417251,0.182629024
2008-08-02,3.341387872,0.195100194
2008-08-03,3.936041645,0.207534403
2008-08-04,8.183568601,0.285298362
2008-08-05,10.137431,0.320264074
2008-08-06,7.702182212,0.278531872
2008-08-07,6.994261053,0.266672618
2008-08-08,6.00317143,0.247393885
2008-08-09,5.465151349,0.235612131
2008-08-10,5.0687155,0.228737287
2008-08-11,4.842180729,0.224466473
2008-08-12,4.559012265,0.218782726
2008-08-13,4.417428034,0.215687831
2008-08-14,5.946537737,0.246619315
2008-08-15,5.663369274,0.240080111
2008-08-16,5.012081807,0.227222433
2008-08-17,4.332477494,0.212077332
2008-08-18,3.964358492,0.202043652
2008-08-19,3.567922642,0.19048088
2008-08-20,3.313071025,0.183423489
2008-08-21,2.630635028,0.165407652
2008-08-22,2.860001483,0.169898888
2008-08-23,2.860001483,0.168409317
2008-08-24,2.690100405,0.162569088
2008-08-25,2.545684489,0.157179279
2008-08-26,2.440912157,0.152737857
2008-08-27,2.364456672,0.149030323
2008-08-28,2.372951726,0.147825131
2008-08-29,2.633466712,0.153679157
2008-08-30,2.500377534,0.148571827
2008-08-31,2.336139825,0.142358429
2008-09-01,2.171902116,0.136877907
2008-09-02,2.055803046,0.132892491
2008-09-03,1.962357453,0.129303488
2008-09-04,2.262516025,0.134417678
2008-09-05,3.029902561,0.153027851
2008-09-06,2.738239044,0.144559824
2008-09-07,2.469229003,0.135975201
2008-09-08,2.234199178,0.128039391
2008-09-09,2.160575378,0.125056673
2008-09-10,2.112436739,0.122590919
2008-09-11,2.135090216,0.121625819
2008-09-12,2.406931941,0.126772548
2008-09-13,2.80336779,0.13533141
2008-09-14,3.879407953,0.15689573
2008-09-15,4.219210109,0.162262561
2008-09-16,3.681190028,0.148948184
2008-09-17,3.284754179,0.139146053
2008-09-18,2.944952022,0.130567499
2008-09-19,2.675941982,0.12294503
2008-09-20,2.511704273,0.117444545
2008-09-21,2.415426995,0.113508881
2008-09-22,2.310654664,0.109291503
2008-09-23,2.288001187,0.10721612
2008-09-24,2.251189286,0.104952736
2008-09-25,2.18606054,0.10232103
2008-09-26,2.160575378,0.100404768
2008-09-27,2.123763478,0.098283725
2008-09-28,2.084119893,0.096110724
2008-09-29,2.052971362,0.094096171
2008-09-30,2.058634731,0.092768809
2008-10-01,2.013327777,0.090498592
2008-10-02,2.004832723,0.089336917
2008-10-03,2.010496092,0.088438642
2008-10-04,1.965189138,0.086599535
2008-10-05,1.970852507,0.08570792
2008-10-06,2.200218963,0.088676207
2008-10-07,2.415426995,0.092114237
2008-10-08,3.794457413,0.116588503
2008-10-09,3.482972103,0.109578385
2008-10-10,3.058219408,0.101458645
2008-10-11,2.916635176,0.097800433
2008-10-12,2.653288505,0.09170419
2008-10-13,2.503209219,0.087573803
2008-10-14,2.469229003,0.085788369
2008-10-15,2.489050796,0.085123463
2008-10-16,2.551347858,0.085303029
2008-10-17,2.565506281,0.084495216
2008-10-18,2.49754585,0.08206112
2008-10-19,2.367288356,0.078319572
2008-10-20,2.304991294,0.075945696
2008-10-21,2.355961618,0.075967934
2008-10-22,2.440912157,0.076631423
2008-10-23,2.404100257,0.074829151
2008-10-24,2.500377534,0.075697682
2008-10-25,2.792041052,0.080325808
2008-10-26,2.780714313,0.079484929
2008-10-27,2.860001483,0.080167962
2008-10-28,2.88831833,0.079980546
2008-10-29,2.690100405,0.075987075
2008-10-30,2.588159758,0.073537183
2008-10-31,2.514535958,0.071556103
2008-11-01,2.511704273,0.070873512
2008-11-02,2.463565634,0.069347415
2008-11-03,2.41825868,0.067864273
2008-11-04,2.426753734,0.067401814
2008-11-05,2.440912157,0.067043997
2008-11-06,2.511704273,0.067723322
2008-11-07,2.681605351,0.07006893
2008-11-08,2.610813235,0.068216101
2008-11-09,2.760892521,0.070101666
2008-11-10,2.860001483,0.07104122
2008-11-11,3.114853101,0.074212394
2008-11-12,3.114853101,0.073546107
2008-11-13,2.944952022,0.070386587
2008-11-14,3.51128895,0.077518637
2008-11-15,4.360794341,0.090546067
2008-11-16,4.077625877,0.085678263
2008-11-17,3.001585715,0.069109033
2008-11-18,3.001585715,0.068861727
2008-11-19,2.973268869,0.068197229
2008-11-20,2.80336779,0.065359617
2008-11-21,2.38144678,0.057930041
2008-11-22,2.152080324,0.054205329
2008-11-23,2.605149866,0.061386223
2008-11-24,2.435248788,0.058166832
2008-11-25,2.265347709,0.05478498
2008-11-26,2.378615095,0.056631979
2008-11-27,2.49188248,0.058433273
2008-11-28,2.321981402,0.055071388
2008-11-29,2.321981402,0.054822063
2008-11-30,2.152080324,0.052221065
2008-12-01,1.982179246,0.049863987
2008-12-02,2.265347709,0.053039061
2008-12-03,2.095446631,0.050794482
2008-12-04,1.982179246,0.049126545
2008-12-05,1.925545553,0.048140457
2008-12-06,1.86891186,0.047133855
2008-12-07,1.812278168,0.046105453
2008-12-08,1.812278168,0.045862057
2008-12-09,1.755644475,0.044907304
2008-12-10,1.755644475,0.044920776
2008-12-11,1.699010782,0.044096849
2008-12-12,1.699010782,0.044108961
2008-12-13,1.699010782,0.044121073
2008-12-14,2.265347709,0.051515913
2008-12-15,6.229706201,0.111186118
2008-12-16,6.796043128,0.118583366
2008-12-17,6.229706201,0.111346135
2008-12-18,5.663369274,0.103430881
2008-12-19,5.38020081,0.09959674
2008-12-20,5.097032346,0.096076654
2008-12-21,5.097032346,0.096163448
2008-12-22,4.813863883,0.092423115
2008-12-23,4.813863883,0.092505232
2008-12-24,5.097032346,0.096423831
2008-12-25,5.38020081,0.10014405
2008-12-26,5.946537737,0.108202586
2008-12-27,6.512874665,0.115833441
2008-12-28,7.362380056,0.126065754
2008-12-29,7.64554852,0.129251001
2008-12-30,7.928716983,0.132314947
2008-12-31,7.928716983,0.132369822
2009-01-01,7.928716983,0.132313418
2009-01-02,7.928716983,0.132145734
2009-01-03,7.64554852,0.12902794
2009-01-04,7.64554852,0.128880051
2009-01-05,7.64554852,0.128732162
2009-01-06,7.362380056,0.125584438
2009-01-07,7.362380056,0.125457091
2009-01-08,7.079211592,0.122254934
2009-01-09,7.079211592,0.122148935
2009-01-10,6.796043128,0.118887027
2009-01-11,6.796043128,0.118803247
2009-01-12,6.796043128,0.118719467
2009-01-13,6.512874665,0.11541494
2009-01-14,6.512874665,0.115354324
2009-01-15,6.512874665,0.115293709
2009-01-16,6.229706201,0.111941741
2009-01-17,6.229706201,0.111905321
2009-01-18,6.229706201,0.1118689
2009-01-19,6.229706201,0.11183248
2009-01-20,6.229706201,0.111796059
2009-01-21,6.229706201,0.111759639
2009-01-22,6.229706201,0.111723218
2009-01-23,6.229706201,0.111686797
2009-01-24,6.229706201,0.111599535
2009-01-25,6.229706201,0.111489163
2009-01-26,6.229706201,0.111378791
2009-01-27,6.229706201,0.111268419
2009-01-28,6.229706201,0.111158047
2009-01-29,6.229706201,0.111047674
2009-01-30,6.512874665,0.113851545
2009-01-31,6.512874665,0.113711239
2009-02-01,6.229706201,0.110716558
2009-02-02,6.229706201,0.110606186
2009-02-03,6.229706201,0.110495814
2009-02-04,5.946537737,0.107492239
2009-02-05,5.946537737,0.107413194
2009-02-06,5.946537737,0.107334148
2009-02-07,5.663369274,0.10431928
2009-02-08,5.946537737,0.107176058
2009-02-09,8.495053911,0.128078636
2009-02-10,11.89307547,0.148890307
2009-02-11,18.6891186,0.185665212
2009-02-12,17.55644475,0.179085516
2009-02-13,16.99010782,0.17524597
2009-02-14,16.42377089,0.171394193
2009-02-15,14.72476011,0.161279051
2009-02-16,13.59208626,0.154102187
2009-02-17,13.02574933,0.150722317
2009-02-18,11.89307547,0.14510812
2009-02-19,10.76040162,0.139067419
2009-02-20,9.910896229,0.134142366
2009-02-21,9.344559302,0.130616912
2009-02-22,8.778222374,0.126947957
2009-02-23,8.495053911,0.125017426
2009-02-24,8.211885447,0.123193466
2009-02-25,7.928716983,0.121349618
2009-02-26,8.495053911,0.124596126
2009-02-27,9.627727765,0.131057986
2009-02-28,11.32673855,0.139387019
2009-03-01,10.76040162,0.136429475
2009-03-02,10.19406469,0.13338253
2009-03-03,9.627727765,0.130234348
2009-03-04,8.778222374,0.125369601
2009-03-05,8.495053911,0.123613092
2009-03-06,12.4594124,0.142351839
2009-03-07,19.25545553,0.169717369
2009-03-08,24.9188248,0.19184952
2009-03-09,28.31684637,0.203044092
2009-03-10,39.64358492,0.238171385
2009-03-11,36.81190028,0.228617146
2009-03-12,33.98021564,0.218536418
2009-03-13,32.56437332,0.212877649
2009-03-14,31.14853101,0.207842058
2009-03-15,28.31684637,0.198594251
2009-03-16,36.81190028,0.224071499
2009-03-17,48.13863883,0.252511611
2009-03-18,49.83764961,0.255083407
2009-03-19,45.87329112,0.244963911
2009-03-20,40.20992184,0.229820189
2009-03-21,35.96239489,0.217068292
2009-03-22,33.13071025,0.20763554
2009-03-23,31.43169947,0.201946731
2009-03-24,29.16635176,0.195207523
2009-03-25,30.58219408,0.198287646
2009-03-26,30.01585715,0.196110158
2009-03-27,27.97704421,0.189990426
2009-03-28,25.3435775,0.181845503
2009-03-29,24.23922049,0.177976495
2009-03-30,23.58793303,0.175479876
2009-03-31,23.70120041,0.175376356
2009-04-01,29.16635176,0.189850792
2009-04-02,27.12753882,0.184226956
2009-04-03,23.84278464,0.175217258
2009-04-04,20.98278316,0.166343095
2009-04-05,19.22713868,0.161768346
2009-04-06,17.49981106,0.157113975
2009-04-07,15.91406766,0.152435892
2009-04-08,12.82753141,0.141967929
2009-04-09,11.92139232,0.13923146
2009-04-10,11.07188693,0.13647476
2009-04-11,9.486143534,0.130446615
2009-04-12,8.749905528,0.127428877
2009-04-13,8.296835986,0.125812035
2009-04-14,8.240202293,0.125868774
2009-04-15,6.796043128,0.120107349
2009-04-16,4.955448115,0.111442482
2009-04-17,4.530695419,0.109800795
2009-04-18,5.210299732,0.113301904
2009-04-19,5.521785042,0.114965342
2009-04-20,6.739409436,0.12138072
2009-04-21,12.91248194,0.145460899
2009-04-22,16.99010782,0.159111346
2009-04-23,16.70693936,0.158494422
2009-04-24,15.77248343,0.155855741
2009-04-25,19.93505984,0.168088263
2009-04-26,73.62380056,0.318112953
2009-04-27,86.64954989,0.3756109
2009-04-28,67.96043128,0.309174422
2009-04-29,49.27131268,0.253445836
2009-04-30,38.2277426,0.226843857
2009-05-01,34.82972103,0.21791425
2009-05-02,31.14853101,0.207950015
2009-05-03,27.92041052,0.201228966
2009-05-04,24.57902265,0.192940739
2009-05-05,18.49090068,0.174942529
2009-05-06,16.31050351,0.169181593
2009-05-07,15.60258235,0.167759276
2009-05-08,13.98852211,0.162722556
2009-05-09,12.96911564,0.159811202
2009-05-10,14.63980957,0.16716145
2009-05-11,14.24337372,0.166576011
2009-05-12,12.60099663,0.161348985
2009-05-13,11.32673855,0.157717971
2009-05-14,20.55803046,0.190594555
2009-05-15,19.05723761,0.187295669
2009-05-16,16.50872143,0.17997109
2009-05-17,13.76198734,0.170264782
2009-05-18,12.28951132,0.166365931
2009-05-19,11.69485755,0.166041817
2009-05-20,10.81703531,0.164366633
2009-05-21,9.882579383,0.162018947
2009-05-22,8.749905528,0.158087012
2009-05-23,7.532281134,0.154552567
2009-05-24,7.362380056,0.155360077
2009-05-25,6.597825204,0.153240764
2009-05-26,6.31465674,0.153235449
2009-05-27,7.022577899,0.158363836
2009-05-28,7.95703383,0.164263477
2009-05-29,6.739409436,0.159936012
2009-05-30,4.700596497,0.15062085
2009-05-31,3.907724799,0.147783871
2009-06-01,3.709506874,0.147823667
2009-06-02,3.851091106,0.149908663
2009-06-03,3.766140567,0.150604031
2009-06-04,3.341387872,0.149162807
2009-06-05,3.539605796,0.151504927
2009-06-06,3.454655257,0.15219148
2009-06-07,3.964358492,0.156782665
2009-06-08,27.09922197,0.285045334
2009-06-09,22.08714017,0.260307582
2009-06-10,17.27327628,0.23843231
2009-06-11,13.11069987,0.216522548
2009-06-12,8.636638142,0.192818767
2009-06-13,7.164162131,0.185993991
2009-06-14,6.399607279,0.182409615
2009-06-15,6.059805123,0.181393991
2009-06-16,5.635052427,0.179345264
2009-06-17,6.173072508,0.185489597
2009-06-18,5.946537737,0.185133316
2009-06-19,5.720002966,0.18461039
2009-06-20,5.521785042,0.184190083
2009-06-21,5.097032346,0.182534288
2009-06-22,4.559012265,0.179564103
2009-06-23,4.304160648,0.178538738
2009-06-24,4.077625877,0.177542964
2009-06-25,3.851091106,0.176312081
2009-06-26,3.596239489,0.174484133
2009-06-27,3.482972103,0.174262652
2009-06-28,3.454655257,0.174992421
2009-06-29,3.341387872,0.17480315
2009-06-30,3.256437332,0.174842928
2009-07-01,3.171486793,0.174818678
2009-07-02,3.228120486,0.176443706
2009-07-03,3.398021564,0.179069789
2009-07-04,3.369704718,0.179396034
2009-07-05,3.284754179,0.178996819
2009-07-06,3.114853101,0.177380064
2009-07-07,2.639130082,0.170780518
2009-07-08,2.514535958,0.169047208
2009-07-09,2.347466564,0.166292806
2009-07-10,2.256852656,0.16484903
2009-07-11,2.183228855,0.163978015
2009-07-12,2.010496092,0.161351282
2009-07-13,1.905723761,0.159625238
2009-07-14,1.877406914,0.1592126
2009-07-15,2.276674448,0.166468624
2009-07-16,1.94819903,0.16083892
2009-07-17,1.798119744,0.157909129
2009-07-18,1.783961321,0.157685254
2009-07-19,1.582911712,0.153001776
2009-07-20,1.455485903,0.149645984
2009-07-21,1.413010634,0.148882599
2009-07-22,1.696179097,0.155880407
2009-07-23,2.075624839,0.164562126
2009-07-24,1.840595014,0.159521649
2009-07-25,1.854753437,0.15982002
2009-07-26,1.548931496,0.151107619
2009-07-27,1.480971065,0.148337146
2009-07-28,1.461149273,0.14695726
2009-07-29,1.410178949,0.145270288
2009-07-30,1.379030418,0.143917427
2009-07-31,1.316733356,0.141935799
2009-08-01,1.342218518,0.141643391
2009-08-02,1.274258087,0.139485177
2009-08-03,1.509287911,0.143905004
2009-08-04,1.667862251,0.148047646
2009-08-05,1.466812642,0.1409809
2009-08-06,1.36770368,0.138208677
2009-08-07,1.316733356,0.136382232
2009-08-08,2.800536106,0.175865496
2009-08-09,2.769387575,0.174649504
2009-08-10,2.704258828,0.172501308
2009-08-11,2.321981402,0.160885045
2009-08-12,1.94819903,0.1506012
2009-08-13,1.744317736,0.144071271
2009-08-14,1.568753289,0.137675292
2009-08-15,1.44132748,0.132668473
2009-08-16,1.347881887,0.129927875
2009-08-17,1.616891928,0.136900527
2009-08-18,2.452238896,0.160102395
2009-08-19,1.766971213,0.139061332
2009-08-20,1.908555445,0.141904515
2009-08-21,1.891565337,0.140044236
2009-08-22,1.721664259,0.133567394
2009-08-23,1.653703828,0.130031843
2009-08-24,1.543268127,0.124953888
2009-08-25,1.59990182,0.125551163
2009-08-26,1.798119744,0.130466099
2009-08-27,1.670693936,0.125173195
2009-08-28,1.611228558,0.121889062
2009-08-29,1.551763181,0.118543963
2009-08-30,1.546099812,0.117009096
2009-08-31,1.540436442,0.115474676
2009-09-01,1.455485903,0.111233702
2009-09-02,1.356376941,0.108007543
2009-09-03,1.319565041,0.10595266
2009-09-04,1.353545256,0.10531232
2009-09-05,1.302574933,0.102979602
2009-09-06,1.28841651,0.101379416
2009-09-07,1.274258087,0.099779552
2009-09-08,1.282753141,0.098641827
2009-09-09,1.274258087,0.097222404
2009-09-10,1.277089771,0.096080386
2009-09-11,1.251604609,0.094375224
2009-09-12,1.228951132,0.09272869
2009-09-13,1.203465971,0.091026743
2009-09-14,1.189307547,0.089558019
2009-09-15,1.186475863,0.088322498
2009-09-16,1.135505539,0.086105795
2009-09-17,1.107188693,0.084350529
2009-09-18,1.121347116,0.083486111
2009-09-19,1.118515432,0.082267081
2009-09-20,1.121347116,0.081163314
2009-09-21,1.231782817,0.08208856
2009-09-22,1.970852507,0.098163691
2009-09-23,2.098278316,0.099584382
2009-09-24,1.775466267,0.09079262
2009-09-25,1.582911712,0.084442615
2009-09-26,1.614060243,0.084010263
2009-09-27,1.512119596,0.079933259
2009-09-28,1.713169205,0.083963732
2009-09-29,1.766971213,0.083945803
2009-09-30,1.639545405,0.079520266
2009-10-01,1.506456227,0.07476315
2009-10-02,2.061466416,0.086517601
2009-10-03,2.171902116,0.087631049
2009-10-04,2.120931793,0.085688546
2009-10-05,1.962357453,0.081646995
2009-10-06,2.086951577,0.083080185
2009-10-07,2.389941834,0.088283531
2009-10-08,2.271011079,0.084326351
2009-10-09,2.282337817,0.083582051
2009-10-10,2.092614947,0.079245908
2009-10-11,1.900060391,0.074710476
2009-10-12,1.823604906,0.072271823
2009-10-13,1.829268275,0.071455319
2009-10-14,1.860416806,0.071126148
2009-10-15,1.894397022,0.070825713
2009-10-16,2.254020971,0.075915913
2009-10-17,2.132258532,0.072995417
2009-10-18,2.044476308,0.070578124
2009-10-19,1.939703976,0.067841903
2009-10-20,1.826436591,0.064899174
2009-10-21,1.956694084,0.06621959
2009-10-22,2.081288208,0.067252278
2009-10-23,5.663369274,0.124127866
2009-10-24,7.334063209,0.147266208
2009-10-25,5.550101888,0.120114548
2009-10-26,4.672279651,0.107632071
2009-10-27,4.842180729,0.109364208
2009-10-28,4.672279651,0.106298702
2009-10-29,3.992675338,0.095075184
2009-10-30,4.643962804,0.10455705
2009-10-31,6.088121969,0.124742867
2009-11-01,5.578418735,0.115909342
2009-11-02,4.672279651,0.102965281
2009-11-03,4.275843802,0.096343286
2009-11-04,4.049309031,0.092020285
2009-11-05,4.162576416,0.093206495
2009-11-06,4.020992184,0.090215307
2009-11-07,3.992675338,0.089073794
2009-11-08,3.681190028,0.082951036
2009-11-09,2.80903116,0.06872388
2009-11-10,3.058219408,0.072091925
2009-11-11,3.001585715,0.070579348
2009-11-12,2.88831833,0.068153442
2009-11-13,2.831684637,0.066607818
2009-11-14,2.777882629,0.065098534
2009-11-15,2.724080621,0.063579483
2009-11-16,2.673110297,0.062148659
2009-11-17,2.596654812,0.060605991
2009-11-18,2.565506281,0.059839222
2009-11-19,2.704258828,0.062041277
2009-11-20,2.786377683,0.063201252
2009-11-21,2.88831833,0.064638695
2009-11-22,2.811862844,0.063195283
2009-11-23,2.735407359,0.061716788
2009-11-24,2.777882629,0.06221265
2009-11-25,3.256437332,0.069310139
2009-11-26,4.983764961,0.096537497
2009-11-27,6.031488277,0.111514336
2009-11-28,5.408517656,0.101899668
2009-11-29,4.75723019,0.092861489
2009-11-30,4.360794341,0.086652504
2009-12-01,4.162576416,0.083237293
2009-12-02,4.049309031,0.081129554
2009-12-03,3.907724799,0.07845189
2009-12-04,3.681190028,0.074067897
2009-12-05,3.171486793,0.066000496
2009-12-06,2.831684637,0.06055369
2009-12-07,2.831684637,0.06034196
2009-12-08,2.661783559,0.057268162
2009-12-09,2.831684637,0.06001458
2009-12-10,2.831684637,0.060110303
2009-12-11,3.114853101,0.064642133
2009-12-12,3.398021564,0.068809341
2009-12-13,3.681190028,0.07368842
2009-12-14,3.681190028,0.073818199
2009-12-15,3.681190028,0.073947977
2009-12-16,3.398021564,0.069278776
2009-12-17,3.681190028,0.074207534
2009-12-18,3.681190028,0.074337313
2009-12-19,3.964358492,0.079875243
2009-12-20,3.964358492,0.080019147
2009-12-21,3.681190028,0.074726648
2009-12-22,3.681190028,0.074856427
2009-12-23,3.964358492,0.080450859
2009-12-24,4.247526955,0.085695386
2009-12-25,19.82179246,0.25194553
2009-12-26,22.65347709,0.281955761
2009-12-27,21.8039717,0.272308669
2009-12-28,19.82179246,0.252577115
2009-12-29,17.83961321,0.236639933
2009-12-30,16.42377089,0.224154849
2009-12-31,15.00792858,0.210505286
2010-01-01,13.59208626,0.195087564
2010-01-02,12.17624394,0.182281936
2010-01-03,10.76040162,0.169357553
2010-01-04,9.910896229,0.160785836
2010-01-05,9.061390838,0.151632231
2010-01-06,7.928716983,0.139095997
2010-01-07,7.079211592,0.129075214
2010-01-08,6.512874665,0.121787156
2010-01-09,5.946537737,0.113941066
2010-01-10,5.38020081,0.105677819
2010-01-11,5.663369274,0.109899231
2010-01-12,5.663369274,0.109983044
2010-01-13,5.663369274,0.110066857
2010-01-14,5.663369274,0.110150669
2010-01-15,5.38020081,0.106199105
2010-01-16,5.38020081,0.106303362
2010-01-17,5.097032346,0.102470302
2010-01-18,5.097032346,0.102582871
2010-01-19,4.813863883,0.098550589
2010-01-20,4.813863883,0.098671946
2010-01-21,4.530695419,0.094415739
2010-01-22,4.530695419,0.094546415
2010-01-23,4.530695419,0.094677092
2010-01-24,7.079211592,0.128176187
2010-01-25,23.50298249,0.254710859
2010-01-26,26.33466712,0.273727911
2010-01-27,24.06931941,0.255480322
2010-01-28,21.52080324,0.233824015
2010-01-29,16.99010782,0.203044571
2010-01-30,13.87525472,0.17915737
2010-01-31,11.60990701,0.163367162
2010-02-01,9.627727765,0.14870256
2010-02-02,8.211885447,0.136603813
2010-02-03,7.079211592,0.125953659
2010-02-04,5.946537737,0.113758877
2010-02-05,5.097032346,0.10341402
2010-02-06,4.813863883,0.099734275
2010-02-07,4.530695419,0.095891818
2010-02-08,4.247526955,0.091863586
2010-02-09,3.964358492,0.087621595
2010-02-10,3.964358492,0.087771299
2010-02-11,3.681190028,0.08331989
2010-02-12,3.398021564,0.079163548
2010-02-13,3.398021564,0.079378623
2010-02-14,3.681190028,0.083885183
2010-02-15,3.681190028,0.084073613
2010-02-16,3.681190028,0.084425919
2010-02-17,3.681190028,0.084801634
2010-02-18,3.681190028,0.08517735
2010-02-19,3.681190028,0.085553065
2010-02-20,3.681190028,0.085928781
2010-02-21,3.681190028,0.086304497
2010-02-22,3.681190028,0.086680212
2010-02-23,3.681190028,0.087055928
2010-02-24,3.681190028,0.087431644
2010-02-25,3.681190028,0.087807359
2010-02-26,3.681190028,0.088183075
2010-02-27,3.681190028,0.088558791
2010-02-28,3.681190028,0.088934506
2010-03-01,3.681190028,0.089310222
2010-03-02,3.681190028,0.089685938
2010-03-03,3.964358492,0.093682156
2010-03-04,4.247526955,0.097328632
2010-03-05,4.247526955,0.0976045
2010-03-06,4.530695419,0.100898269
2010-03-07,5.663369274,0.1114218
2010-03-08,7.362380056,0.1235321
2010-03-09,9.910896229,0.137339123
2010-03-10,13.30891779,0.151136424
2010-03-11,21.23763478,0.180336993
2010-03-12,36.81190028,0.225641768
2010-03-13,62.29706201,0.274806259
2010-03-14,67.96043128,0.282758794
2010-03-15,62.58023047,0.272443574
2010-03-16,51.53666039,0.249919543
2010-03-17,44.4574488,0.235341428
2010-03-18,39.92675338,0.225054296
2010-03-19,37.09506874,0.21775007
2010-03-20,35.67922642,0.213386419
2010-03-21,33.13071025,0.206295657
2010-03-22,30.29902561,0.19870275
2010-03-23,27.38239044,0.190756852
2010-03-24,24.5507058,0.182520151
2010-03-25,22.5968434,0.176280468
2010-03-26,20.02001038,0.168231817
2010-03-27,14.69644327,0.152138289
2010-03-28,11.69485755,0.141621891
2010-03-29,11.07188693,0.13921788
2010-03-30,10.19406469,0.135736939
2010-03-31,9.684361458,0.133564027
2010-04-01,8.070301215,0.126521204
2010-04-02,6.173072508,0.117229324
2010-04-03,6.144755662,0.11728115
2010-04-04,6.116438816,0.117334373
2010-04-05,6.088121969,0.117389002
2010-04-06,7.928716983,0.126523055
2010-04-07,20.47307992,0.165457549
2010-04-08,31.9980364,0.189990399
2010-04-09,34.26338411,0.194661984
2010-04-10,31.14853101,0.188212843
2010-04-11,25.7116965,0.1775914
2010-04-12,21.94555594,0.16887779
2010-04-13,20.02001038,0.164209817
2010-04-14,18.37763329,0.160489612
2010-04-15,15.2061465,0.152378625
2010-04-16,13.73367049,0.14808639
2010-04-17,12.82753141,0.145465905
2010-04-18,12.0912934,0.143374781
2010-04-19,11.24178801,0.140800863
2010-04-20,10.44891631,0.138238668
2010-04-21,8.155251754,0.129663539
2010-04-22,6.088121969,0.121018193
2010-04-23,5.748319813,0.119517736
2010-04-24,7.305746363,0.126844036
2010-04-25,49.27131268,0.22315004
2010-04-26,54.08517656,0.237850027
2010-04-27,44.74061726,0.218827886
2010-04-28,32.56437332,0.193099038
2010-04-29,25.37189435,0.180235348
2010-04-30,23.98436887,0.178137006
2010-05-01,27.60892521,0.187157222
2010-05-02,24.86219111,0.182229823
2010-05-03,20.642981,0.172415125
2010-05-04,17.1600089,0.165388075
2010-05-05,11.7231744,0.150734517
2010-05-06,10.47723316,0.147473084
2010-05-07,10.30733208,0.147645201
2010-05-08,11.7231744,0.153011849
2010-05-09,11.63822386,0.153510389
2010-05-10,10.81703531,0.151646612
2010-05-11,12.17624394,0.156648931
2010-05-12,17.69802898,0.173427768
2010-05-13,34.54655257,0.21877201
2010-05-14,37.09506874,0.228131001
2010-05-15,30.01585715,0.208693729
2010-05-16,24.21090365,0.194918793
2010-05-17,17.92456375,0.178216797
2010-05-18,14.97961173,0.171345121
2010-05-19,12.51604609,0.165226312
2010-05-20,9.146341377,0.155198874
2010-05-21,7.617231673,0.150783527
2010-05-22,8.296835986,0.154762732
2010-05-23,8.211885447,0.155923646
2010-05-24,7.617231673,0.155081586
2010-05-25,6.965944207,0.153726524
2010-05-26,6.796043128,0.1543361
2010-05-27,13.76198734,0.183170763
2010-05-28,10.42059946,0.172803073
2010-05-29,7.787132751,0.162974015
2010-05-30,6.342973587,0.15754304
2010-05-31,5.493468196,0.15401634
2010-06-01,5.012081807,0.153096481
2010-06-02,4.643962804,0.152479677
2010-06-03,4.360794341,0.152133444
2010-06-04,4.247526955,0.152659075
2010-06-05,4.332477494,0.154344217
2010-06-06,4.332477494,0.155530379
2010-06-07,4.785547036,0.159341951
2010-06-08,4.728913344,0.160248853
2010-06-09,5.776636659,0.167451895
2010-06-10,5.720002966,0.168427175
2010-06-11,7.702182212,0.181739917
2010-06-12,12.0912934,0.205512353
2010-06-13,9.684361458,0.19604785
2010-06-14,8.353469679,0.19029444
2010-06-15,8.098618061,0.19068339
2010-06-16,33.13071025,0.322002927
2010-06-17,33.13071025,0.326415358
2010-06-18,27.32575675,0.30165885
2010-06-19,19.4819903,0.260322328
2010-06-20,14.49822534,0.236585347
2010-06-21,14.13010634,0.236666904
2010-06-22,17.21664259,0.257611738
2010-06-23,19.96337669,0.274507045
2010-06-24,21.18100108,0.284631
2010-06-25,18.09446483,0.270782498
2010-06-26,15.03624542,0.254959038
2010-06-27,19.02892076,0.281613959
2010-06-28,18.88733653,0.283757547
2010-06-29,16.19723612,0.27038226
2010-06-30,13.96020526,0.257014605
2010-07-01,11.89307547,0.245923208
2010-07-02,9.684361458,0.232787538
2010-07-03,6.796043128,0.210546817
2010-07-04,4.842180729,0.191776024
2010-07-05,4.728913344,0.191509466
2010-07-06,4.728913344,0.19242108
2010-07-07,6.654458897,0.214565514
2010-07-08,6.796043128,0.21739554
2010-07-09,5.776636659,0.20704299
2010-07-10,5.238616578,0.201834518
2010-07-11,5.465151349,0.205289502
2010-07-12,5.238616578,0.203881702
2010-07-13,4.813863883,0.199863903
2010-07-14,4.700596497,0.199349333
2010-07-15,44.74061726,0.54488905
2010-07-16,35.1128895,0.473523801
2010-07-17,26.02318181,0.404121768
2010-07-18,20.55803046,0.356605896
2010-07-19,17.83961321,0.339414222
2010-07-20,15.85743397,0.325184574
2010-07-21,18.7457523,0.3526673
2010-07-22,26.39130082,0.426504314
2010-07-23,70.50894746,0.769564208
2010-07-24,51.53666039,0.644979734
2010-07-25,42.47526955,0.581324084
2010-07-26,30.29902561,0.473642645
2010-07-27,20.642981,0.384072451
2010-07-28,16.14060243,0.346614629
2010-07-29,17.38654367,0.360463292
2010-07-30,15.77248343,0.346275711
2010-07-31,15.97070135,0.350045882
2010-08-01,13.36555149,0.321758319
2010-08-02,8.636638142,0.268351607
2010-08-03,5.408517656,0.220067851
2010-08-04,5.748319813,0.226202727
2010-08-05,5.720002966,0.225821747
2010-08-06,5.266933425,0.218117353
2010-08-07,4.813863883,0.210650409
2010-08-08,4.728913344,0.209129415
2010-08-09,4.75723019,0.209607968
2010-08-10,4.530695419,0.205375556
2010-08-11,4.247526955,0.199689731
2010-08-12,6.229706201,0.236699814
2010-08-13,6.796043128,0.247114919
2010-08-14,5.38020081,0.220502664
2010-08-15,4.247526955,0.199202644
2010-08-16,3.398021564,0.179298135
2010-08-17,3.001585715,0.169053974
2010-08-18,2.797704421,0.162273563
2010-08-19,2.704258828,0.158298206
2010-08-20,3.086536254,0.166998673
2010-08-21,4.44574488,0.196849475
2010-08-22,3.709506874,0.178882259
2010-08-23,3.398021564,0.170071209
2010-08-24,3.001585715,0.159296515
2010-08-25,2.88831833,0.155008524
2010-08-26,2.738239044,0.149617602
2010-08-27,2.508872588,0.141692938
2010-08-28,2.333308141,0.134916851
2010-08-29,2.18039717,0.129498728
2010-08-30,2.14358527,0.127304344
2010-08-31,2.140753585,0.125907898
2010-09-01,2.486219111,0.134224648
2010-09-02,3.766140567,0.164512581
2010-09-03,5.323567117,0.194210964
2010-09-04,4.615645958,0.179922347
2010-09-05,4.219210109,0.170410112
2010-09-06,4.75723019,0.179722782
2010-09-07,5.295250271,0.18785737
2010-09-08,4.700596497,0.175737952
2010-09-09,4.247526955,0.165056699
2010-09-10,3.567922642,0.147893753
2010-09-11,3.907724799,0.154231803
2010-09-12,4.417428034,0.163209648
2010-09-13,4.474061726,0.162531862
2010-09-14,4.13425957,0.153964265
2010-09-15,3.596239489,0.140347969
2010-09-16,3.256437332,0.13166988
2010-09-17,3.228120486,0.129493256
2010-09-18,3.454655257,0.13243524
2010-09-19,3.482972103,0.131350858
2010-09-20,3.313071025,0.126445059
2010-09-21,3.313071025,0.124846062
2010-09-22,3.171486793,0.120437954
2010-09-23,3.114853101,0.11771713
2010-09-24,2.973268869,0.113219076
2010-09-25,2.944952022,0.111086915
2010-09-26,3.001585715,0.110738075
2010-09-27,2.831684637,0.105625859
2010-09-28,2.72974399,0.101895365
2010-09-29,2.670278613,0.099088903
2010-09-30,2.590991443,0.095825887
2010-10-01,2.520199327,0.092742829
2010-10-02,2.639130082,0.094326291
2010-10-03,2.537189435,0.091019376
2010-10-04,2.392773518,0.086642188
2010-10-05,2.293664556,0.083247752
2010-10-06,2.279506133,0.081936391
2010-10-07,2.398436887,0.08383676
2010-10-08,2.460733949,0.084285978
2010-10-09,2.426753734,0.082524991
2010-10-10,2.347466564,0.07971677
2010-10-11,2.310654664,0.07788567
2010-10-12,2.310654664,0.076921769
2010-10-13,2.285169502,0.075364163
2010-10-14,2.18606054,0.072830128
2010-10-15,2.171902116,0.071677861
2010-10-16,2.152080324,0.070445019
2010-10-17,2.157743693,0.069593432
2010-10-18,2.137921901,0.068368557
2010-10-19,2.132258532,0.067354275
2010-10-20,2.149248639,0.066665213
2010-10-21,2.157743693,0.065849636
2010-10-22,2.129426847,0.064521059
2010-10-23,2.22287244,0.064849785
2010-10-24,3.624556335,0.087715573
2010-10-25,5.040398654,0.109170208
2010-10-26,5.153666039,0.110039377
2010-10-27,6.654458897,0.131787961
2010-10-28,7.787132751,0.145969751
2010-10-29,5.946537737,0.119893866
2010-10-30,3.624556335,0.083970805
2010-10-31,3.143169947,0.076119046
2010-11-01,3.313071025,0.078002473
2010-11-02,3.341387872,0.077795728
2010-11-03,3.398021564,0.077973287
2010-11-04,3.596239489,0.080353131
2010-11-05,3.681190028,0.081298321
2010-11-06,3.652873182,0.080162643
2010-11-07,3.313071025,0.074366855
2010-11-08,3.19980364,0.072169175
2010-11-09,3.313071025,0.073154983
2010-11-10,3.82277426,0.080731816
2010-11-11,3.794457413,0.079615358
2010-11-12,3.624556335,0.075930685
2010-11-13,3.341387872,0.071112538
2010-11-14,3.398021564,0.071254763
2010-11-15,3.086536254,0.066373256
2010-11-16,3.398021564,0.070088035
2010-11-17,3.426338411,0.070283342
2010-11-18,3.398021564,0.069743633
2010-11-19,3.454655257,0.070304347
2010-11-20,3.766140567,0.075442334
2010-11-21,4.13425957,0.081614652
2010-11-22,3.964358492,0.078616708
2010-11-23,3.851091106,0.076488582
2010-11-24,3.82277426,0.075828692
2010-11-25,4.105942723,0.08057902
2010-11-26,3.256437332,0.066470589
2010-11-27,3.114853101,0.064316251
2010-11-28,2.605149866,0.05617341
2010-11-29,2.57683302,0.055506128
2010-11-30,3.341387872,0.066926818
2010-12-01,3.114853101,0.063617719
2010-12-02,3.398021564,0.067332817
2010-12-03,3.454655257,0.067899999
2010-12-04,3.341387872,0.066236135
2010-12-05,3.086536254,0.062510164
2010-12-06,2.973268869,0.060659734
2010-12-07,3.256437332,0.064563291
2010-12-08,3.369704718,0.065924115
2010-12-09,3.454655257,0.066970277
2010-12-10,3.454655257,0.067120818
2010-12-11,3.539605796,0.068405703
2010-12-12,3.482972103,0.067791709
2010-12-13,3.624556335,0.070426776
2010-12-14,3.482972103,0.068094814
2010-12-15,3.001585715,0.061452667
2010-12-16,2.690100405,0.056568113
2010-12-17,2.49188248,0.05317281
2010-12-18,2.406931941,0.051685732
2010-12-19,2.520199327,0.053914567
2010-12-20,2.548516173,0.05454325
2010-12-21,2.57683302,0.055168973
2010-12-22,2.605149866,0.055791816
2010-12-23,2.718417251,0.057893421
2010-12-24,2.690100405,0.057524297
2010-12-25,2.661783559,0.057147377
2010-12-26,2.605149866,0.056253992
2010-12-27,2.548516173,0.055332981
2010-12-28,2.49188248,0.054383162
2010-12-29,2.605149866,0.056600624
2010-12-30,2.690100405,0.058241434
2010-12-31,2.944952022,0.062674618
